2717353	121.452669	31.217941
91050993	121.494954	31.244515
73566921	121.407824	31.146272
10021108	121.059961	31.120092
21035069	121.470962	31.238208
76680217	121.480101	31.229499
5591028	121.061615	31.116823
32338381	121.321045	31.201602
6429674	121.497779	31.254618
18991088	121.467233	31.226824
8629576	121.392209	31.202834
4023775	121.45721	31.234313
4663146	121.436527	31.225025
22914250	121.389671	31.114784
91036101	121.389177	31.177561
14734803	121.510346	31.212993
2369023	121.415026	31.130558
4169377	121.060871	31.118262
4184029	121.351319	30.735532
21593760	121.422335	31.009902
58344091	121.061351	31.116039
17182037	121.46462	31.207981
19291562	121.486054	31.231742
79260234	121.481449	31.242512
67288814	121.061443	31.116391
76836809	121.445945	31.288004
500102	121.49256	31.242711
26233390	121.55554	31.23088
3527989	121.482315	31.226038
73582232	121.454614	31.224593
18691561	121.267662	31.02658
66755991	121.444974	31.195123
3341992	121.266125	31.044138
22171611	121.511376	31.249364
21129800	121.544251	31.271142
5533680	121.32713	31.143274
69311960	121.461362	31.243222
66332749	121.450362	31.285617
77593798	121.481557	31.289368
13831770	121.462539	31.220899
76085110	121.41835	31.106817
13797096	121.286533	31.231301
20930088	121.382335	31.182153
3585112	121.293066	31.33841
14191970	121.436161	31.165441
67499671	121.494799	31.271997
65998263	121.060267	31.119629
65325613	121.45484	31.236774
4533660	121.706472	31.205935
69745762	121.660458	31.033007
32473230	121.485345	31.209816
76969986	121.482771	31.264343
24899664	121.293088	31.096574
22584393	121.321784	31.201482
67006394	121.506701	31.218339
17979414	121.806585	31.47274
16213223	121.060410236	31.1185286221
3509464	121.623154	31.539226
22726100	121.016922189	30.8939752091
15090062	121.061596	31.116478
5699552	121.383637	31.195781
76848011	121.409747	31.203433
76839581	121.496512	31.239654
69521429	121.570406	31.218855
4678407	121.484414	31.231258
75626997	121.349722	31.180764
5995973	121.435832	31.208208
91025100	121.704326	31.191287
92517451	121.447091	31.223248
13782490	121.491118	31.242761
76940920	121.699302	31.169209
17785842	121.385757	31.23906
22590058	121.434944	31.309806
23100214	121.51167	31.241536
6132529	121.422124	31.194133
75095687	121.446802	31.248325
73398116	121.466668	31.227958
3454873	121.260176	31.38849
13873901	121.166743	31.295564
6063634	121.472098709	31.2556454848
2575588	121.47703	31.246698
66246935	121.53764	31.260292
66225096	121.637026	31.189829
2071369	121.408902	31.204785
66545994	121.38796	31.121246
22521492	121.060895	31.115031
73396723	121.619912	31.290016
69019652	121.463496	31.228079
26206532	121.39628	31.24084
18176958	121.426338	31.206577
5486714	121.05172	31.101501
67086009	121.382825	31.238322
45829388	121.524384	31.305532
66251542	121.521375	31.30835
21294388	121.5065	31.239024
5867826	121.45381	31.204232
77009703	121.463776	31.19102
68978238	121.452919	31.232035
3531196	121.435089	31.235634
8008401	121.456086	31.230261
65790862	121.570902	31.154861
21678721	121.514263	31.240165
6427885	121.443466	31.203626
69116083	121.320984	31.197775
13784206	121.448543	31.195109
22038150	121.477441	31.212204
8876721	121.513814	31.249213
27478785	121.389692	31.114864
5404756	121.454957	31.204338
58193451	121.455411	31.222528
5580354	121.46612	31.235329
69624138	121.496855	31.269822
13775414	121.456916	31.331951
2367274	121.383728	31.210782
66303591	121.398153	31.216611
3464923	121.060281	31.119226
59139608	121.399185	31.206404
6182586	121.5167	31.239852
2781505	121.422276	31.010352
23541559	121.387427	31.122347
5736734	121.500181	31.215438
57993063	121.061102	31.115819
65631392	121.412186	31.191549
3029089	121.420721	31.305657
3260524	121.492247	31.235749
83390234	121.56124	31.206163
3428293	121.251402	31.019
2023588	121.062745	31.115422
77004673	121.523827	31.233732
53015086	121.484396	31.23085
77563221	121.511578	31.240469
74609371	121.519756	31.307599
3703684	121.471101	31.229576
12286682	121.419165	31.239513
5657797	121.425491	31.209527
43624451	121.513871008	31.1413826004
69729962	121.56427	31.232908
28284208	121.321642	31.198901
92053609	121.47744	31.212204
1920481	121.583554	31.344336
69729883	121.481354	31.230157
69231724	121.449128	31.253245
16983892	121.472161	31.218775
5366233	121.060968	31.118523
24741119	121.425091	31.186772
19595142	121.409049	31.215263
2295985	121.501771	31.228823
21752365	121.454287	31.223525
92189409	121.403429	31.188181
66632471	121.393424	31.183082
21791768	121.477635	31.243998
3368728	121.260913	31.403991
505318	121.723539	31.05037
5385374	121.212661	31.019336
4066366	121.51358	31.267151
90994941	121.124927	31.159492
4169299	121.204986072	31.1192873315
9953130	121.221799	31.038809
18766328	121.061452	31.11564
2704948	121.022892	30.893896
58441500	121.497536	31.167658
8677628	121.565707	31.181643
69039810	121.060419	31.118633
66578787	121.377616	31.1321
63058818	121.524384	31.305532
18602068	121.445006	31.20163
76735408	121.446055	31.199218
9977754	121.423209	31.225322
27333622	121.388896	31.238643
4118325	121.495665987	31.2448178984
22179722	121.414255	31.21313
91974431	121.519357	31.307798
8959174	121.508925	31.241836
56582942	121.463615	31.304702
19804519	121.470071	31.227331
24931585	121.522275	31.307311
27339105	121.384804	31.113903
56583024	114.21879568	22.2312569938
21591404	121.523748	31.232017
22873258	121.617985	31.263742
5317141	121.523549	31.234203
4064431	121.440549	31.259237
92747027	121.418999	31.238093
4100611	121.484735	31.212658
72461866	121.435421	31.239254
23484815	121.409297	31.192676
43383106	121.363522	31.146217
18504562	121.180558	31.301923
69681722	121.598022	31.249055
17637124	121.634896	31.218475
21746947	121.390372	31.251446
76992457	121.442259	31.211159
16967298	121.404933	31.195236
500782	121.443701	31.212386
79210350	121.279917	31.408851
75178659	121.370221	31.259842
19415701	121.494574	31.256752
5863562	121.527235	31.299984
3455404	121.431974	31.249393
92545813	121.542522	31.31777
69039850	121.464328	31.250811
67085959	121.41102	31.012879
1887970	121.379191	31.221087
21271500	121.333919	31.201874
92075949	121.388774	31.178543
4129470	121.15904	31.309138
83492584	121.421936	31.272371
23404317	121.484496	31.209273
66118238	121.384098	31.237865
74079544	121.274677	31.332613
9806762	121.408459	31.110917
48657368	121.42111	31.425445
3560287	121.497232	31.237363
22205752	121.434594	31.309873
76741991	121.448797	31.17852
19145798	121.377001	31.112804
46315225	121.65773	31.271754
5263282	121.594126	31.34852
47308890	121.356754	31.285893
23754821	121.314449515	31.0214657313
4099746	121.894463418	30.9280379943
5631242	121.488215	31.301186
5260902	120.92448	31.042801
75733792	121.497536	31.167658
66403447	121.485312	31.276016
4039048	121.503994	31.234266
76766756	121.466023	31.222663
90964591	121.42044	31.223131
90944162	121.420654	31.222552
38155177	121.523399	31.280869
5537819	121.530756	31.233262
5115653	121.521887	31.304404
50254056	121.530756	31.233262
502910	121.489066	31.240754
5232771	121.475424	31.212275
4277498	121.507682	31.242221
69416216	121.445822	31.336224
27492744	121.377211	31.350958
32707125	121.479121018	31.3496053394
8909664	121.464391	31.192684
3255358	121.401724	31.203573
21955368	121.51559	31.258904
5740715	121.5054	31.266528
22804991	121.529772	31.234917
8087716	121.409747	31.203433
21351979	121.52214	31.234123
27689829	121.48927	31.413416
6586451	121.570251	31.160069
6038929	121.426135	31.261467
5527597	121.40214	31.265949
67482605	121.427934	31.145469
17148370	121.459135	31.252549
17164889	121.60094	31.245248
6586545	121.570251	31.160069
502331	121.525176	31.236926
72355197	121.450918	31.206385
73407658	121.476822	31.293894
90516542	121.542168	31.209966
24294506	121.413296	31.151859
8065606	121.513992	31.222981
90547114	121.509752	31.314018
50322101	121.262128	31.387146
5325540	121.508126	31.389868
3453457	121.345122	31.163727
32417652	121.383037	30.740951
21291755	121.413477	31.007204
6295252	121.513992	31.222981
67990062	121.5424	31.276814
18326437	121.497334	31.268004
90911491	121.203456	31.100695
38121430	121.574639	31.140739
21289564	121.37233	31.113185
502139	121.483528	31.242141
90054792	121.586388	31.250922
3922939	121.406059	31.210745
5148778	121.44821	31.200821
16687325	121.060258	31.119923
23463678	121.319115	31.144939
67395674	121.614309	31.214153
91907668	121.383787	31.118627
90558249	121.464689	31.221732
24608007	121.463707475	31.2628825593
32527320	121.390372	31.251446
24309683	121.347574	31.170699
90058076	121.487607	31.307122
505235	121.431553	31.419745
17180270	121.36557	31.247685
90495633	121.413278	31.288764
66776877	121.217743	31.044098
20926167	121.444788	31.197401
4223460	121.529905	31.234672
11575638	121.419165	31.239513
66885258	121.486726	31.277663
22800138	121.428755	31.223155
91919689	121.448639	31.19841
21730061	121.50165	31.179483
13884647	121.424682	31.243039
73396516	121.505348	31.269072
24258140	121.523748	31.232017
90362972	121.475089042	31.2119882707
90477488	121.394475	31.114131
68107295	121.385084	31.113444
2186323	121.495539	31.39962
8898289	121.580068	31.252087
66870444	121.512902	31.249597
18122967	121.56486	31.21678
92163161	121.499766	31.194614
22807288	121.481989	31.285696
23875177	121.389286	31.248227
19146584	121.385466	31.25068
22567564	121.346681	31.26684
57387467	121.390017	31.115254
69952771	121.371364	31.255484
20842584	121.577139	31.124443
17612298	121.45414	31.329509
77246900	121.422712	31.289616
91622243	121.418946	31.11217
18337230	121.753568	31.052403
23417348	121.58951	31.131044
69723223	121.443477	31.243687
18707544	121.241213	31.01112
73423551	121.380966	31.1839
58415817	121.528181	31.295707
63981777	121.490778	30.919166
22517173	121.346384	31.094091
93201231	121.529143	31.270351
82880889	121.584577	31.121136
59252131	121.486934	31.232956
23911969	121.444069	31.24347
58322310	121.421661	31.176226
51439081	121.4301	31.215175
90969607	121.414086	31.212729
22975446	121.424405	31.242816
90475416	121.56427	31.232908
69113691	121.570779	31.158888
69750157	121.417568	31.106792
66879033	121.616846	31.288213
18106405	121.433414	31.231138
27247983	121.603514	31.261127
21953276	121.776502	31.055129
66642895	121.653942	31.030833
69107343	121.38963	31.181465
69611800	121.425899	31.206488
69602203	121.226418	31.29385
32419566	121.429905	31.225059
77217307	121.479347	31.212551
43559690	121.524125	31.239503
43557679	121.478654	31.250473
90500089	121.512273	31.239103
23925983	121.448543	31.195109
8966038	121.434759	31.190177
56587927	121.524384	31.305532
67905641	121.448192	31.248789
23681832	121.544251	31.271142
19643516	121.40992	31.214568
91015734	121.490192	31.243372
67297119	121.425091	31.186772
24078342	121.527732	31.295606
23361031	121.525453	31.234337
6856395	121.409615	31.203084
10012605	121.452846	31.32927
38207370	121.544251	31.271142
69651948	121.505608	31.26581
66208949	121.407895	31.160629
67387637	121.355141232	31.1637771686
23004819	121.500995	31.387131
22743655	121.417758	31.11096
5364466	121.637011	31.1901
58902261	121.4461	31.199261
70449720	121.471243	31.274735
65323495	121.263071	31.389508
57394751	121.409279	31.142357
24993477	121.448465	31.196975
69722932	121.484579	31.276766
2873341	121.517591	31.303435
4516603	121.474777	31.211794
58322032	121.476311	31.224944
19642300	121.44899	31.196147
83457211	121.370142	31.136868
21805647	121.454022	31.19765
69973530	121.517943	31.310462
58652554	121.422124	31.194133
6065973	121.44196	31.19075
27314106	121.384874	31.113467
14172218	121.498246	31.389756
67657903	121.413358	31.132752
66699016	121.432281	31.171478
23604146	121.377423	31.351202
27148880	121.249045	31.064732
41691681	121.591232	31.206763
90077748	121.43661	31.214916
77002718	121.578392	31.165415
18201121	121.236742	31.058369
22007133	121.40035	31.216129
21936422	121.371239	31.181825
19282842	121.354099	30.737886
32371116	121.417515563	31.1750647168
90476495	121.52120542	31.3049500341
21386172	121.101569	31.150511
27299040	121.285439749	31.238199366
74156847	121.474777	31.211794
69728334	121.523399	31.280869
67798867	121.519302	31.30754
66203812	121.394056	31.219922
67859654	121.357016	31.160588
21045571	121.423209	31.225322
79591974	121.426485	31.218724
22435455	121.398937	31.206517
66319158	121.502066	31.178171
69147668	121.455842	31.243148
75121041	121.543151	31.234984
69657346	121.384874	31.113467
32510914	121.424164	31.176067
50258521	121.466847	31.305484
3066700	121.589706	31.130774
24000902	121.414235	31.213403
71394494	121.452554	31.324807
20916740	121.491851	31.405359
22582347	121.528878	31.283724
21090022	121.544251	31.271142
18570035	121.563868	31.277863
20953235	121.377211	31.350958
38787228	121.405408	31.090591
92617003	121.527538	31.321103
23735762	121.510087	31.145895
20959494	121.392007	31.321264
13663080	121.778145	31.05508
32630856	121.696855857	31.1854161549
48156260	121.44455	31.341902
23513162	121.226896	31.044571
66558447	121.29845	31.215942
10346417	121.550195165	31.280157259
23736241	121.378827	31.254618
19790918	121.1222	31.151199
70899246	121.235181	31.148184
6183373	121.242252	31.011393
19585189	121.52303	31.183983
22314984	121.489002	31.286937
17827584	121.48133	31.241295
21356529	121.408747	31.215378
68961315	121.487377	31.233517
81261328	121.523006578	31.3095087906
72349458	121.523619	31.234122
68066861	121.357016	31.160588
16004420	121.484579	31.276766
27131620	121.423209	31.225322
17815374	121.598549	31.266491
21961691	121.452919	31.232035
37942165	121.523399	31.280869
91593072	121.50595	31.242526
19642310	121.388896	31.238643
19202489	121.393737	31.112857
1894834	121.698407	31.194345
90927453	121.39808	31.2117
19113285	121.409049	31.215263
67145368	121.544611	31.068765
92080491	121.370142	31.136868
8700488	121.619912	31.290016
20722577	121.261714	31.387857
5235193	121.699044	31.191963
68052855	121.561904	31.189844
24335614	121.65732	31.271614
17931560	121.539243	31.247586
91017305	121.45115	31.04454
21679119	121.43713	31.268878
21170224	121.528481	31.321433
5373241	121.561368	31.206201
67459480	121.505348	31.150436
38064503	121.463885	31.343583
19821163	121.348579	31.263154
75155325	121.402907	31.199989
68984984	121.525416	31.234888
67398501	121.481515	31.229353
74611680	121.371726	31.1766
16789967	121.474777	31.211794
92437543	121.31956	31.198064
92520134	121.525243	31.309039
13788223	121.334287	31.19869
92412442	121.471664	31.226515
57052125	121.479774	31.198785
79585103	121.495737	31.216369
65931512	121.466586	31.321233
67736500	121.47086967	31.2805015982
69669996	121.386621199	31.226950025
23090317	121.413938	31.213947
13820289	121.454035	31.229462
52348336	121.722755	31.042069
65327127	121.42556	31.209432
16798938	121.503883	31.253094
65999943	121.420827	31.230855
5175874	121.510632	31.23521
6328747	121.443705	31.243535
69513964	121.464769	31.209348
24940942	121.463422	31.235307
91627825	121.35903	31.227228
48089742	121.497295	31.240186
11572292	121.446814	31.244149
59162913	121.418121	31.283876
24631385	121.478623	31.246903
18396978	121.472151	31.258281
22822344	121.541344	31.206529
73619998	121.612158	31.22785
91045823	121.462396	31.23742
22440453	121.477719	31.2892
83537855	121.26279	31.386266
6145588	121.495872	31.2462
76836701	121.445909	31.288131
91623164	121.469226	31.236851
59139977	121.525942	31.306193
67103305	121.490346	31.267597
4201563	121.41857	31.234854
80839983	121.403912	31.187732
506665	121.391789	31.203549
90436897	121.498634	31.18893
22509340	121.760395	31.182428
91847705	121.332075	31.227435
8914295	121.49618	31.244099
67798316	121.483931	31.226797
57302960	121.468122	31.180614
74560162	121.425166	31.225426
11559655	121.401256	31.193274
77457970	121.512273	31.239103
17179979	121.465306	31.230579
32598676	121.321642	31.198901
65791882	121.369907	31.141262
67661750	121.462188	31.234601
4021330	121.402245	31.187414
69128849	121.383572	31.114476
6107046	121.383318	31.197084
22397956	121.455765	31.243096
8691320	121.449425	31.249661
68974967	121.362912	31.163301
81262439	121.380535	31.187585
6042862	121.407553	31.254143
67796738	121.532975	31.235961
22824497	121.514324	31.24002
9462534	121.435089	31.235634
67134254	121.428971	31.223737
75125409	121.498147	31.192426
76947393	121.566246	31.233367
4074034	121.507855	31.242062
21805121	121.399185	31.206404
62918346	121.426611	31.271156
66860291	121.45142	31.20256
65756223	121.387927	31.198675
75712979	121.320207	31.197518
57446197	121.468122	31.180614
10012360	121.494682	31.247499
18763383	121.547017	31.280978
3881935	121.487899	31.249162
32736166	121.390924	31.197141
51686822	121.457501	31.254535
501043	121.383921	31.196314
5565632	121.343925	31.170284
8048444	121.463031	31.236447
45831338	121.478643	31.250231
21351023	121.476656	31.223721
18260088	121.446201	31.284036
23336336	121.452789	31.230733
19362263	121.409867	31.210956
18516914	121.384053	31.237865
63265104	121.444432	31.247323
91960077	121.474627	31.212517
43759274	121.321642	31.198901
22065855	121.460740603	31.2342718613
3558658	121.584216	31.264138
90315966	121.357016	31.160588
5715190	121.448043	31.247407
6295717	121.40361	31.170956
67431364	121.455987	31.208044
19402792	121.513593	31.223932
4296516	121.391985	31.202503
32530048	121.522313	31.269333
5359248	121.400834	31.193019
5278674	121.404209	31.253692
92367011	121.491723	31.274302
14180269	121.448317	31.243222
8910946	121.455141	31.224184
6378140	121.478978	31.204594
17873296	121.443628	31.20098
41692632	121.523588	31.232775
67972167	121.357016	31.160588
8359005	121.568227	31.214997
17185827	121.451144	31.226357
90924627	121.474627	31.212517
27289801	121.429888	31.202205
79050372	121.512006	31.239173
57015380	121.432586	31.188738
2892061	121.466226	31.22714
83135394	121.414255	31.21313
76873877	121.465918	31.233002
69488114	121.46367	31.250074
27200264	121.446421	31.337928
29517682	121.450123	31.233033
20710393	121.437331	31.22474
32666571	121.382672	31.19595
58214544	121.764057452	31.0529662336
80614063	121.455022	31.212769
8012078	121.395203	31.109886
17211852	121.491138	30.921006
67035393	121.570645	31.235765
92984940	121.517188	31.237629
5683784	121.427143	31.130685
81759046	121.396172	31.20443
6453837	121.577401	31.266885
90471001	121.471469	31.258481
17936941	121.504096	31.276671
18172441	121.484295	31.238346
73408813	121.321904467	31.201842588
66414204	121.459952	31.235827
507538	121.431564	31.174144
24292464	121.342427	30.760419
92148273	121.439767	31.180625
6076094	121.418678	31.360736
6455909	121.31168	31.14906
69222927	121.420512	31.278745
66342672	121.361765	31.163533
5856984	121.218055	31.046835
65649349	121.426864	31.163714
69224948	121.393823	31.184448
22821495	121.43451	31.236663
506445	121.359308	31.187002
19628701	121.510794	31.100399
17815210	121.491138	30.921006
79413147	121.379144	31.138905
90566222	121.448361	31.19736
38090212	121.523399	31.280869
79427212	121.475424	31.212275
22217421	121.393737	31.112857
37778629	121.435089	31.235634
43623934	121.522275	31.307311
67660807	121.284566	31.392523
91055172	121.695087	31.204876
3868909	121.499766	31.194614
75122976	121.474788	31.211932
68961507	121.453596	31.197659
5205703	121.377432	31.214733
66987051	121.387266	31.237407
67623351	121.575752	31.120938
91626232	121.386209	31.239579
59399745	121.388178	31.249021
72478552	121.524384	31.305532
20685634	121.614309	31.214153
6005563	121.454026	31.330061
19088793	121.443219	31.244192
69233326	121.476613	31.226022
32760160	121.360014	31.22716
8861127	121.575752	31.120938
62230892	121.41102	31.012879
5933989	121.568577	31.216764
14174488	121.225727	31.044234
15125419	121.490991	31.254214
17160284	121.261714	31.387857
80528355	121.541802	31.282094
6169765	121.356209	31.162165
90382797	121.503934	31.276551
66906105	121.218306	31.044797
90947180	121.564641	31.209315
5282905	121.58926	31.247549
23908104	121.349328	31.170306
75125394	121.530756	31.233262
79981101	121.367732	31.14566
24010948	121.381215	31.099984
32459353	121.637454	31.206156
92205998	121.576236	31.124201
23247409	121.365521	31.247715
22298426	121.321442	31.152591
16814740	121.454032	31.196898
92598308	121.474494	31.212888
20657297	121.243989	31.010866
17187282	121.462134	31.314764
14744847	121.38105	31.18445
69307927	121.375991	31.18075
83497000	121.470922	31.231329
56509254	121.535207	31.220857
69042636	121.361155	31.164298
4222449	121.351328	31.165231
58669280	121.623412	31.20561
69958223	121.526803	31.247695
13933606	121.391307	31.190081
92817358	121.429751599	31.2185765235
79290352	121.453508	31.211338
90995944	121.451286	31.201466
66325007	121.365191	31.105451
505037	121.370213	31.181407
92563257	121.471261	31.206618
90411128	121.484647878	31.2361350505
19280305	121.349988	31.168646
14888346	121.400217	31.166344
17191341	121.48334	31.227908
16795494	121.435955	31.22504
90580632	121.469226	31.236851
67552299	121.418222	31.175167
93049221	121.422544	31.178289
69735195	121.390348	31.190329
56591453	121.204419	31.030919
11567693	121.500639	31.236399
9988704	121.464391	31.192684
17636457	121.459727	31.236129
22437055	121.527118	31.228927
38156000	121.52066	31.246945
66545346	121.199456	31.040947
59264203	121.358779	31.227824
83525336	121.512102	31.325949
2483431	121.230684	31.012901
66340922	121.365388	31.105022
68009025	121.435089	31.235634
44237720	121.399185	31.206404
66533377	121.449983	31.228892
20780013	121.449569	31.239962
72451347	121.444307	31.342011
20768086	121.564746	31.216752
15994985	121.342369	31.138105
8967031	121.536090985	31.2403265107
5252297	121.544231	31.238524
17874542	121.523578	31.232775
77527069	121.4629	31.235237
5529108	121.441133	31.210109
5339502	121.458466	31.181953
58391635	121.248043	31.063833
13795581	121.514263	31.240165
6031884	121.451573	31.230245
67190039	121.456911	31.295748
17984200	121.528025	31.297596
17620720	121.387159	31.181273
24959690	121.47435	31.212257
43386343	121.467737	31.226146
21245919	121.401828	31.207978
8844957	121.482036	31.225646
77453012	121.463776	31.19102
5391970	121.392019	31.149061
79223400	121.5338	31.235743
5453516	121.451113	31.272622
44280768	121.332072	31.246356
77012110	121.448192	31.248789
76933145	121.363387	31.145645
6127165	121.481601	31.229066
21330720	121.393683	31.11277
92237196	121.608719	31.278705
22950639	121.528481	31.321433
90453055	121.399185	31.206404
79454042	121.319716	31.208816
91011100	121.520619	31.230823
70443384	121.320207	31.197518
21061505	121.524866	31.218874
58212134	121.444494	31.327185
91914707	121.409082	31.139321
26232805	121.487642	31.232788
73498668	121.466538	31.228057
58346225	121.525026	31.306333
21303576	121.530278	31.232049
21274580	121.521048	31.304663
90930392	121.424405	31.242816
75094962	121.484579	31.276766
15857909	121.526745	31.214171
21865211	121.4504	31.2286
66191084	121.466023	31.222663
81001855	121.421241	31.274639
69703281	121.393621	31.143514
59256828	121.524384	31.305532
5528732	121.44853	31.23633
66591621	121.44848	31.197442
24096079	121.523857	31.232079
17892587	121.433728	31.236925
72449981	121.430365	31.21499
70146149	121.357124	31.160605
57246811	114.21879568	22.2312569938
18021863	121.501932	31.178801
6850571	121.467521	31.20949
66193274	121.394056	31.219922
22465085	121.418912	31.17004
65495054	121.357016	31.160588
69490134	121.390973	31.252638
13856991	121.443441	31.24364
23496856	121.564592	31.233426
92235631	121.524315	31.191552
69074927	121.377432	31.214733
32752267	121.388896	31.238643
4663518	121.458361	31.214691
24064370	121.519302	31.30754
58634210	121.429973	31.243772
92087281	121.433289	31.235047
69228764	121.481476	31.229043
91034248	121.364906	31.162155
92235469	121.442667	31.159764
37019723	121.406967	31.137852
69739191	121.320207	31.197518
92102303	121.370142	31.136868
5375578	121.429552	31.179727
15950087	121.392512	31.18297
65891324	121.500981	31.160774
71598401	121.527045	31.303116
90109262	121.466586	31.321233
65495748	121.491851	31.405359
65948220	121.375164	31.19171
92489444	121.445136	31.288538
67107812	121.510425	31.099896
19475700	121.488139	31.211869
73595004	121.392827	31.356024
24267878	121.384874	31.113467
92400287	121.357016	31.160588
23337129	121.226893	31.044567
69105306	121.284265	31.393032
27139541	121.251619	31.392542
38232013	121.223415	31.044685
24674307	121.705358	31.202339
21812431	121.524251	31.29981
8028049	121.328817	31.302771
20895407	121.491851	31.405359
66827095	121.286402	31.336387
55823344	121.378977	31.35071
21725711	121.441523	31.391471
67262562	121.343925	31.170284
43388251	121.39345	31.183325
83484720	121.393413	31.030861
13861641	121.445429	31.340207
67242588	121.218133	31.044594
23986915	121.372292	31.264739
18280273	121.488908	31.289793
74612261	121.344012	30.763814
58268750	121.577139	31.124443
19348382	121.472129586	31.2582854215
20885023	121.39403	31.210464
19088350	121.401256	31.193274
6170066	121.398615	31.203405
56868238	121.342427	30.760419
38203523	121.2618	31.021741
58411432	121.466599	31.048069
18172227	121.252947	31.040281
18489851	121.48133	31.241295
6444591	121.491374	31.257478
5528723	121.38863	31.160301
15959175	121.474788	31.211932
65594079	121.430532	31.215772
27348970	121.485247	31.276564
27137313	121.448192	31.248789
6110204	121.443834	31.20326
67440079	121.384662	31.114233
9964442	121.487076	31.233071
22142004	121.43036	31.215686
27032759	121.436398	31.23535
57503551	121.480111	31.241053
90089959	121.52566	31.234229
69772574	121.357016	31.160588
66325361	121.532975	31.235961
9029614	121.481499	31.200875
21353468	121.477441	31.212204
65495623	121.423209	31.225322
91981002	121.370142	31.136868
45333755	121.443991	31.189548
50772457	121.52245	31.235559
6075188	121.407945	31.20086
27431970	121.523173	31.307163
58260604	121.321642	31.198901
79469269	121.526177	31.280766
58459481	121.454321	31.330489
72476715	121.456086	31.230261
74552434	121.505348	31.269072
32445963	121.445844	31.241666
66698847	121.584216	31.264138
83590341	121.250553	31.063674
20843382	121.476985	31.212331
6609265	121.484195	31.239064
58135982	121.476415	31.202915
27139520	121.487764	31.241603
18175416	121.451516	31.203119
65598882	121.614918	31.272318
3703555	121.42647	31.206049
67074123	121.361765	31.163533
32343985	121.522313	31.269333
66973836	121.552128	31.210484
22158469	121.504891	31.268176
32577028	121.414255	31.21313
83590145	121.511692	31.088109
67306938	121.409049	31.215263
32512961	121.526925	31.296244
4676160	121.529528	31.283837
5245120	121.475458	31.220954
92521946	121.247153	31.06223
66323638	121.575752	31.120938
27347872	121.168425	31.295604
22945817	121.505487	31.266496
23931777	121.488204	31.235737
66044204	121.444859	31.264762
16967125	121.507933	31.144781
3510544	121.433716	31.276607
27350247	121.255436	31.407503
90073993	121.542011	31.206383
90944212	121.428043	31.223111
67262313	121.507323	31.386293
21760312	121.503192	31.270487
67139197	121.449706	31.242844
67544300	121.435009	31.38922
19658078	121.165589	31.2966
57270090	121.249495	31.064213
38116672	121.382992	31.252385
82681486	121.517934	31.310524
67346765	121.361155	31.164298
67351333	121.361155	31.164298
59172351	121.552161	31.238871
6855688	121.40821	31.13973
6061978	121.494189	31.249194
21721034	121.385212	31.111991
79292984	121.266877	31.357161
22137126	121.503192	31.270487
5211238	121.329351	31.245917
11554659	121.264457	31.409755
67750701	121.361155	31.164298
76827572	121.779804434	31.0551684757
21111619	121.544251	31.271142
66850151	121.286402	31.336387
58166075	121.497613	31.343319
69001775	121.161662	31.301848
56626810	121.47256	31.258806
70449599	121.471266	31.274635
4297089	121.396042	31.205088
69034297	121.752763	31.044996
43607243	121.393375	31.326641
27336382	121.453314	31.329554
56533457	121.402643	31.109432
67410021	121.498301	31.389911
21560374	121.247656	31.369985
91965144	121.561952	31.206567
8440409	121.462268	31.220527
65951182	121.286402	31.336387
90410989	121.420489	31.276511
21799759	121.676308	31.198403
32504824	121.589838661	31.1281770232
19671916	121.225251	31.044614
32597916	121.542727	31.291436
19685688	121.387191713	31.1633049126
24638179	121.482506	31.259572
9461171	121.543825	31.276146
32422251	121.494351041	30.9202639555
22006960	121.431607	31.210182
23591872	121.383965	31.163884
22783351	121.388856	31.163203
9980089	121.447542	31.186765
19612173	121.487642	31.232788
63218225	121.423209	31.225322
43596947	121.510384	31.204489
69949884	121.452851	31.325069
22968280	121.41102	31.012879
23022705	121.428971	31.223737
20916623	121.489297	31.241081
92753922	121.489956	31.242594
32666090	121.47683	31.209596
18004188	121.608519	31.211203
76837984	121.445909	31.288131
90097003	121.448461	31.19677
69615389	121.464918	31.222946
24606795	121.474703	31.226995
19357151	121.474427	31.227529
47885431	121.584216	31.264138
73562615	121.704326	31.191287
5529178	121.530756	31.233262
68174222	121.455339	31.23237
66860253	121.58801	31.256549
79558374	121.486751	31.230847
38090877	121.436926304	31.2416147148
21121315	121.474404	31.250135
21678163	121.49871	31.189983
43555829	121.473304	31.26765
16982728	121.564046	31.20932
92364524	121.319957	31.198746
65664477	121.446689	31.201704
75195702	121.441167	31.232366
75129550	121.4324	31.338303
15959899	121.487112	31.219393
55776995	121.501643	31.180654
21008930	121.440269	31.24374
70455240	121.522492	31.308067
21360579	121.493628	31.217244
27481399	121.549053	31.282408
69959950	121.332011	31.246935
6007445	121.453565	31.329499
23127305	121.393245	31.143213
21163730	121.454767	31.33044
69144832	121.515801	31.279094
32515780	121.595073	31.344926
17632330	121.616796	31.287224
92886319	121.22031799	31.0168229956
68200796	121.434398	31.271926
23127251	121.321021	31.156057
67329043	121.361155	31.164298
67445049	121.659707	31.273031
6980849	121.540191	31.233375
14910048	121.39398	31.193252
38309032	121.262397	31.014295
23220912	121.384874	31.113467
21144839	121.216939	31.04542
69080770	121.280245	31.178968
18480600	121.617856	31.290079
505597	121.466586	31.321233
52425485	121.490867	30.918827
23000744	121.579198314	31.1246504525
32320481	121.388559	31.17896
23645396	121.224782	31.044444
13706147	121.310066	31.154296
57243628	121.539342	31.304259
19478114	121.263071	31.389508
24572485	121.3406	30.760629
18087223	121.538462	31.288113
23641884	121.241213	31.01112
27246828	121.574303	31.24839
21562060	121.507978	31.166095
20765546	121.264923	31.018706
83435813	121.459328	31.229148
67230485	121.487242	31.232614
6603735	121.448639	31.19841
65720770	121.429956	31.202574
59399241	121.477238	31.238411
17149436	121.449038	31.196152
5530450	121.483853	31.23726
69104855	121.600427	31.264576
35450435	121.484415892	31.2419088167
8717558	121.456227	31.215619
18178278	121.382825	31.238322
67882583	121.519192	31.307309
17685876	121.450798	31.230493
67053415	121.474494	31.212888
73423179	121.420489	31.276511
17886206	121.448208	31.19451
22916210	121.417811441	31.2788221186
73589397	121.525961	31.235058
9359347	121.402796	31.220832
69122871	121.429115	31.207327
57591897	121.409049	31.215263
59387788	121.354164	31.163274
65752850	121.450336	31.287338
24770043	121.405507	31.091724
50256567	121.500995	31.387131
32577441	121.501857	31.387015
91852292	121.507829	31.281026
18202207	121.499991	31.187938
27033179	121.409297	31.192676
2447191	121.525724	31.219662
13854213	121.46411	31.225597
67052351	121.443048	31.246403
73702871	121.523222	31.183751
56634968	121.437012	31.241685
82277768	121.457560744	31.2575854174
38232021	121.443778	31.242891
66642506	121.169178	31.29389
18972149	121.490769	31.243668
56587337	121.393737	31.112857
21156295	121.421217516	31.2757571135
24291947	121.486726	31.277663
71447884	121.315767	31.207539
66053191	121.536882	31.307926
74558627	121.612158	31.22785
83459804	121.498707	31.192046
90303921	121.398309	31.273757
4083334	121.52484	31.237341
59419338	121.511218	31.088547
69217605	121.36103	31.160039
70865505	121.25663	31.407333
90411034	121.486063	31.345441
21902381	121.121944	31.154019
28604806	121.39364	31.141591
4540102	121.431043	31.194129
18145065	121.527207	31.238353
15916195	121.453565	31.329499
16990937	121.491138	30.921006
22994030	121.425091	31.186772
2823853	121.404475	31.165964
23015600	121.549157	31.24888
3169738	121.43106	31.419293
23298016	121.399185	31.206404
5140468	121.371548	31.181919
3000925	121.550464	31.291156
21292163	121.425698	31.206794
69722703	121.165467	31.295946
27349431	121.236814	31.058231
3123718	121.339155	31.137348
27111028	121.523173	31.307163
90959150	121.616052	31.184635
17153790	121.484391	31.20519
57500225	121.388503	31.161795
17679013	121.484579	31.276766
67749532	121.530756	31.233262
4271630	121.525825	31.233554
6586622	121.487832	31.232523
4017154	121.477494	31.211139
22181024	121.448974	31.230302
92340316	121.453339	31.329989
24645082	121.523802	31.232186
24987441	121.444613	31.247477
66017314	121.448639	31.19841
19369909	121.44848	31.19736
76910537	121.451383	31.203446
10668630	121.539899	31.247769
74580904	121.434881	31.203918
32423571	121.420659	31.205709
9319683	121.503503	31.26536
76897654	121.511866	31.32592
75183146	121.463776	31.19102
79213737	121.490991	31.254214
17195312	121.484579	31.276766
3521644	121.58509	31.263152
69077017	121.519408	31.307821
18526259	121.443016	31.243904
6004394	121.370323	31.180955
68016078	121.286402	31.336387
5433370	121.44614	31.251218
18526090	121.501621	31.178773
66860201	121.331579	31.305378
24914226	121.45226	31.329954
67657943	121.397995	31.218339
59033430	121.547371	31.281024
15965986	121.458797	31.280291
74600541	121.574643	31.121325
18483970	121.40768	31.137509
19628706	121.236628	31.019366
24798941	121.447785	31.247795
21783316	121.434759	31.190177
21344191	121.530756	31.233262
18020496	121.522275	31.307311
21412851	121.388247	31.238492
15921778	121.393642	31.112926
21901714	121.377432	31.214733
19116091	121.421923	31.272852
70086237	121.320207	31.197518
57453938	121.377423	31.351202
67328779	121.44788615	31.279383968
22242933	121.488359	31.235545
16792317	121.261714	31.387857
21617570	121.411612	31.245831
76945515	121.107986	31.175206
24487258	121.101569	31.150511
91011051	121.614918	31.272318
90572732	121.389657	31.252991
21083941	121.544251	31.271142
15867475	121.504259785	31.1084776397
27456061	121.706114	31.206474
67646119	121.284265	31.393032
5348718	121.120007	31.156261
45252759	121.365321	31.394694
67307599	121.526794	31.229401
67944483	121.485273	31.272733
19340358	121.771429	31.055223
20662584	121.497921	31.405573
24839216	121.617263	31.299358
73427513	121.251974	31.389806
69703815	121.692112	31.194051
27008448	121.500995	31.387131
38080931	121.419587	31.133552
6033282	121.169178	31.29389
3097066	121.261859	31.01606
32344323	121.437715	31.211299
18084029	121.393344	31.320536
22302619	121.203632	31.040198
32445395	121.229866	31.012909
90103309	121.457942	31.336162
79620076	121.453258	31.32409
73417751	121.625657	31.544261
4599972	121.468405088	31.3297000581
5257277	121.53751	31.273066
19120411	121.660183	31.272631
27020337	121.449398	31.327379
79586697	121.480111	31.241053
83511351	121.483093	31.238305
18204916	121.386458	31.249559
59170115	121.459101	31.223746
79566860	121.447899	31.199459
17889474	121.450159	31.228434
2481838	121.49093	31.309819
21792571	121.533886	31.23158
13803854	121.434874	31.217162
23089831	121.450972	31.328591
13721497	121.488636	31.273784
68990090	121.608017	31.209123
22389151	121.403429	31.188181
5859419	121.452453	31.195063
65717963	121.522204	31.280242
27218680	121.262847	31.386331
65712386	121.530756	31.233262
91951750	121.420373	31.275895
24605558	121.321784	31.201482
21560884	121.519302	31.30754
92700262	121.491118	31.242761
21560193	121.550077	31.281597
32334572	121.452491	31.33012
22604527	121.488202432	31.277748018
18259246	121.43736	31.217883
32461389	121.470189	31.224584
70444901	121.489956	31.242594
22788368	121.449513	31.207309
45426598	121.587262	31.280003
69547723	121.267772	31.351139
2087029	121.402245	31.187414
17958978	121.45469209	31.2270550664
18245413	121.248412	31.063896
92023244	121.322449531	31.2025330568
58586963	121.253357	31.065579
77331021	121.523797	31.232119
503292	121.50599	31.24157
80929098	121.242006	31.012011
24811780	121.499012	31.19042
21334012	121.399185	31.206404
9315902	121.49759	31.401652
18384165	121.806434	31.473063
23067515	121.624305	31.208188
90099021	121.418999	31.238093
65813087	121.441829707	31.2931389271
92249656	121.26445	31.388497
79420779	121.477532	31.226986
6237221	121.478068	31.259404
83560923	121.448723	31.314123
67097352	121.526261	31.279925
92104837	121.463115	31.247189
91622963	121.440362	31.207897
69038348	121.41832	31.237928
18615259	121.52732	31.224234
91972421	121.522183	31.243883
90577425	121.435957	31.226109
52351206	121.487734	31.235193
92178032	121.475781	31.21447
92341873	121.515945	31.309443
24804348	121.588544	31.117416
90588122	121.425091	31.186772
46948401	121.473304	31.26765
91039490	121.370142	31.136868
67198914	121.511765358	31.0415450482
23679311	121.474964515	31.3210336207
22939375	121.378513	31.113745
21786195	121.409049	31.215263
90464771	121.3994	31.186442
59102128	121.520124	31.305696
90486016	121.426316	31.242692
91925991	121.434988	31.256948
58184296	121.433846	31.166764
69766674	121.218955	31.045838
9292340	121.485184	31.235312
21939018	121.388876	31.161231
67008672	121.45057	31.304987
67175019	121.450329	31.328561
57194480	121.518929	31.238482
35598258	121.321642	31.198901
6089911	121.432441	31.228921
56826998	121.321642	31.198901
90097448	121.492463	31.209661
90465678	121.574072	31.152826
13669983	121.484579	31.276766
27293646	121.531222	31.228649
8063997	121.389295544	31.1584132396
18686210	121.474777	31.211793
67118735	121.516401	31.303634
92614734	121.393737	31.210909
21043570	121.452808	31.231426
77282732	121.477524	31.249195
92360762	121.515415	31.240585
21707282	121.591445	31.255648
2275675	121.437595	31.219838
4739510	121.535144	31.16937
67856205	121.515752	31.309371
93175361	121.595761	31.261661
14748486	121.20365	31.056066
57235243	121.564046	31.20932
21626910	121.460490265	31.2769171124
92076992	121.465788	31.223759
90323198	121.491502	31.238602
56625212	121.315003	31.298596
27435263	121.390084	31.150767
92315066	121.475154	31.214361
73598279	121.439527	31.224455
90411621	121.409102	31.211701
50348374	121.453572	31.329967
74584828	121.454066	31.314184
80997366	121.51463	31.286942
38121770	121.465969	31.222782
15121643	121.462501	31.256478
73590949	121.434871	31.151732
4213779	121.438262	31.214978
22387222	121.467657	31.203885
1948870	121.483712681	31.2420411448
92183480	121.484579	31.276766
74103925	121.491851	31.405359
19794065	121.485035	31.208505
90413257	121.498572	31.259609
4528436	121.535968	31.291741
17630825	121.454321	31.330489
23926034	121.524778	31.235405
17943753	121.554892	31.080877
79592630	121.588488	31.118113
12598454	121.466587	31.200751
23049334	121.407174	31.138772
66937985	121.533972	31.269758
67587101	121.409316	31.215756
18335517	121.466168	31.266199
51660376	121.508479	31.27959
75177721	121.320207	31.197518
22440943	121.484947	31.29175
77255108	121.493945	31.217117
23536752	121.462869	31.231152
90315709	121.167892	31.295496
20778216	121.356847231	31.1621892658
23102231	121.429797	31.218297
67865140	121.443676	31.175258
22040545	121.522561	31.24258
5737686	121.388266	31.250201
66717604	121.256555	31.390149
69424008	121.47739	31.240433
32480707	121.525765	31.308031
77445218	121.249903	31.063887
9856373	121.407683	31.163406
9457043	121.489042	31.22317
21058960	121.194608	31.032146
66036340	121.267444	31.358765
15875859	121.325453	31.199862
22050123	121.480111	31.241053
57801831	121.393375	31.326641
4113264	121.452148	31.334289
90476072	121.525725	31.280417
5646307	121.486215	31.238579
92571232	121.342604	31.156969
18610332	121.240305	31.012023
24916593	121.35186	30.735645
69727966	121.410586	31.245704
90091380	121.358308	31.291953
68971927	121.473973	31.226227
66816176	121.067984	31.122336
6049844	121.390625	31.150612
22912244	121.419191	31.192219
5514678	121.378218	31.182397
67755436	121.434984	31.190251
80535109	121.480938	31.301118
66849507	121.480101	31.229499
2244616	121.379464	31.182928
76664560	121.413764	31.2117
76854243	121.451372	31.206715
43606310	121.525590319	31.2349565809
20946806	121.3976	31.115925
19819159	121.441913	31.211533
66879626	121.587411	31.261394
22660738	121.409304	31.192306
18604155	121.382916	31.182081
24616688	121.440265	31.221709
2012911	121.389724	31.189985
73423036	121.403169	31.200874
26975974	121.398635	31.108125
18615887	121.410823	31.210098
69677262	121.380535	31.187585
13876883	121.496238	31.238613
66831905	121.450336	31.287338
69231115	121.505611	31.242915
17647597	121.514347	31.306019
57503397	121.451619	31.230781
17190498	121.466106	31.226956
6061638	121.449783	31.224736
23735418	121.497295	31.240186
22798132	121.480703	31.221167
70142460	121.357016	31.160588
44389259	121.491118	31.242761
24942816	121.445006	31.20163
79602471	121.53502872	31.2362474608
77275298	121.458797	31.280291
23436398	121.466106	31.226956
21213568	121.525726	31.235052
6140602	121.444257	31.216244
13881219	121.544832	31.199691
56526011	121.454706	31.224546
20917712	121.443629	31.242941
4172657	121.380221	31.183662
82877344	121.463776	31.19102
8006068	121.405313	31.212305
92049234	121.420489	31.276511
91015778	121.449683	31.196798
73418365	121.557381	31.2317
6008006	121.44657	31.236072
91587671	121.39163	31.196566
67188038	121.58509	31.263152
69512475	121.404107	31.200786
19351344	121.469878	31.236564
21942705	121.450195	31.21645
59273375	121.670502	31.146231
72355789	121.414779	31.209758
23100587	121.357016	31.160588
5422403	121.488734567	31.2314480387
90369868	121.425117	31.201727
76728530	121.463776	31.19102
14744053	121.261714	31.387857
3075064	121.461358	31.222282
21121330	121.440505	31.239539
2644510	121.419717	31.194171
4111271	121.448822	31.211544
59270634	121.454887	31.222129
68246520	121.46284	31.261998
6008470	121.169178	31.29389
68209468	121.16924	31.295933
69954336	121.437713	31.268018
6165656	121.464406	31.240266
68209993	121.410351	31.210335
5973691	121.457043	31.21115
20916613	121.376481	31.187048
3294169	121.408818	31.213268
21302068	121.481264	31.300905
21401559	121.410476	31.210277
73588783	121.458721	31.209427
4732918	121.347345	31.168852
66968211	121.335975	31.150876
90970265	121.390768	31.221462
8021121	121.471946	31.258349
8896168	121.414242	31.208334
19096741	121.445144	31.231653
41372425	121.371416	31.225024
23218522	121.452919	31.232035
69648904	121.471664	31.226515
66396291	121.483883	31.227868
5878554	121.480101	31.229499
69877606	121.519893	31.223267
23481472	121.465959	31.226928
58132926	121.484474	31.231151
21906234	121.45435	31.23344
67607751	121.414255	31.21313
18543137	121.409102	31.211701
63061961	121.468446	31.221291
23978880	121.491363	31.258682
69702517	121.499821	31.186144
70429659	121.442977	31.245206
66131382	121.500788	31.179743
66685477	121.523747	31.232018
16981169	121.455586	31.217796
68066252	121.53304	31.226459
5660730	121.425166	31.225426
20889050	121.414255	31.21313
22072153	121.460434	31.280674
67095694	121.491851	31.405359
82691009	121.34576	31.171235
22393028	121.445445	31.242777
21751693	121.473546	31.207381
4672473	121.390787493	31.1905009756
2087128	121.542007	31.234467
8965278	121.524355	31.237207
23595087	121.494965	31.244528
24941003	121.387246	31.249812
68193713	121.52245	31.235559
17708177	121.46381	31.232997
76987797	121.516257606	31.3095575406
69551919	121.357016	31.160588
4101041	121.509542	31.256927
19574813	121.53012	31.233664
21065367	121.544251	31.271142
5627771	121.500619	31.236297
58020467	121.530738	31.230867
18772777	121.393421	31.212299
76828652	121.448916	31.234758
91654668	121.478803	31.248809
67400028	121.488768	31.296589
2103487	121.39941	31.211635
5322099	121.536277	31.321048
19409686	121.425167	31.213962
17186607	121.425166	31.225426
75193309	121.531734	31.217594
24646782	121.224564	31.043491
19617162	121.452134	31.231172
91041577	121.517624	31.312224
18421600	121.429659	31.244098
3120751	121.528995	31.294889
67278613	121.503296	31.233452
21336675	121.101948	31.150474
13873435	121.392566	31.212555
65930568	121.448471509	31.2212775216
6138542	121.476539	31.232104
562821	121.409715	31.203426
13665903	121.461428	31.222402
23564961	121.46763	31.280959
27027842	121.525416	31.234888
92520424	121.483071	31.239522
67622595	121.386301	31.228064
32666697	121.495111	31.268099
69686317	121.389948	31.199069
90996872	121.394164	31.193071
57509425	121.4847	31.211177
23476094	121.563595	31.258782
67605144	121.554942	31.248221
22303135	121.323499716	31.1319085765
583539	121.349832	31.164507
65504326	121.461391	31.262744
71005594	121.356556	31.103861
69868695	121.501738	31.284483
21649203	121.410353	31.210107
13861802	121.454035	31.229462
67955376	121.452244	31.330088
2224660	121.472623	31.224716
21720996	121.439767	31.180625
57290376	121.436114	31.210954
37765452	121.522275	31.307311
8646993	121.40009	31.200229
5148607	121.421505	31.204082
76848692	121.498634	31.18893
26231581	121.619299	31.22139
93321072	121.393642	31.112926
58601668	121.428971	31.223737
80550255	121.443617	31.249995
69643710	121.414255	31.21313
75096430	121.542759	31.218887
58465119	121.394056	31.219922
19595075	121.409049	31.215263
5283090	121.440269	31.24374
69238788	121.469435	31.225004
11557516	121.425166	31.225426
69285849	121.378699	31.350201
76926384	121.532975	31.235961
79276468	121.5338	31.235743
5366042	121.468091	31.23619
65419662	121.407441915	31.2048325611
77487233	121.434759	31.190177
67724527	121.451822	31.20121
80619103	121.427156	31.204172
77031668	121.463776	31.19102
5540915	121.411499	31.210535
4733611	121.565276	31.216856
69851142	121.395935	31.197325
66521235	121.45881	31.211181
8933417	121.484554	31.227425
8036051	121.402597	31.199825
67557352	121.490519441	31.2261912181
69533399	121.102808	31.150791
4655507	121.535393	31.228234
67562571	121.535118	31.217805
23749921	121.404563	31.212205
37944091	121.571019	31.249671
66240166	121.484579	31.276766
45829706	121.524927	31.306358
72358729	121.505348	31.269072
19315775	121.524666	31.236048
8065409	121.4461	31.199261
67916727	121.481691	31.224917
18714439	121.394056	31.219922
73576780	121.45142	31.20256
69333929	121.481354	31.230157
66656003	121.588627	31.261613
22396879	121.495139851	31.2191521821
13828409	121.456086	31.230261
23111380	121.470026197	31.3335425101
10655653	121.411299	31.208294
24610507	121.409083	31.191582
17857938	121.452877	31.21728
92154276	121.424405	31.242816
5466901	121.393264	31.21237
69428802	121.389088	31.189864
23495846	121.49618	31.244099
90356311	121.409049	31.215263
90600594	121.224079	31.044294
23515249	121.399185	31.206404
66335929	121.465269	31.250768
73570762	121.407632	31.215535
6600317	121.484753	31.240674
91925978	121.408473	31.214643
5185389	121.513593	31.223932
9043548	121.468658	31.224585
67469686	121.368676	31.140811
79684393	121.472138	31.22284
66384258	121.439099	31.226674
67896662	121.450249	31.241541
28632693	121.534152	31.232052
91877512	121.353511	31.162801
18637706	121.391407	31.216814
27169678	121.308916	31.15381
66105440	121.392222	31.321074
69139982	121.524885	31.235467
6028527	121.404563	31.212205
19288483	121.262261	31.021724
15855782	121.380535	31.187585
2247697	121.428755	31.223155
66648869	121.490261	31.25833
16793985	121.419058	31.206388
15962975	121.477925	31.241958
66280804	121.399648	31.200316
26915127	121.456471	31.239388
20851394	121.390473	31.181589
91623526	121.386301	31.228064
81267033	121.409083	31.191582
90402644	121.454333	31.198167
57282124	121.473304	31.26765
92026252	121.368624026	31.1366772083
22658108	121.492153	31.244241
32775299	121.478203	31.248802
68239567	121.570406	31.218855
1965565	121.497096	31.240432
21049219	121.483855	31.237417
76087586	121.475543	31.214781
24630651	121.326682	31.297113
90995562	121.491118	31.242761
18129984	121.521477	31.233926
27014502	121.409747	31.203433
13768330	121.53096	31.231582
58040890	121.514263	31.240165
76084188	121.510952	31.325675
72340686	121.516973	31.309596
80321282	121.515852	31.308794
19663098	121.452055	31.231137
57299603	121.524384	31.305532
72356272	121.463466	31.261361
501343	121.410141	31.212335
69291207	121.461481	31.221887
92421259	121.475424	31.212275
18607407	121.564244135	31.232974266
90931106	121.497173	31.237698
69926863	121.357016	31.160588
91005160	121.518706	31.238393
20721356	121.505642	31.165348
70448843	121.483931	31.226797
17655705	121.606378	31.257048
76669415	121.286402	31.336387
19634573	121.555538	31.230885
13915890	121.414242	31.208334
92858207	121.445695	31.203774
63036726	121.330963	31.245742
70864650	121.535507	31.246743
23421652	121.546049	31.222804
4099628	121.509709	31.202389
15130863	121.525997	31.233775
22399299	121.51489501	31.3151367851
79257052	121.476467	31.242516
4123082	121.4847	31.211177
6152684	121.409114	31.216822
20904711	121.465842	31.223721
90411579	121.409102	31.211701
92512790	121.409373	31.21169
71004535	121.409323	31.194033
76926129	121.409747	31.203433
80529761	121.382672	31.19595
19437333	121.60225	31.254979
90108145	121.522412	31.228147
5142976	121.330123	31.246308
6298545	121.477192	31.233533
8923359	121.407171	31.207386
22689514	121.491138	30.921006
10336526	121.407199	31.21233
4190857	121.425166	31.225426
92419895	121.373652	31.18409
5140450	121.37999	31.183783
5557734	121.394468	31.192443
67094930	121.167892	31.295496
6584828	121.485012	31.338328
71490777	121.343925	31.170284
24933636	121.486995	31.219658
19226753	121.377285	31.187453
79233760	121.511702	31.307446
67140744	121.453509	31.273529
32517135	121.414242	31.208334
3278875	121.585492	31.140479
14875920	121.410208	31.210355
501788	121.384326	31.198296
21344107	121.589155	31.246449
8998996	121.407246	31.216525
65599961	121.378182	31.192943
21192681	121.423526	31.177247
6111678	121.434984	31.190251
76847054	121.458073	31.280295
90463584	121.391029	31.22714
8077064	121.497631	31.193663
4505769	121.508925	31.241836
58965149	121.444343	31.227966
77242899	121.46184	31.225475
90576313	121.419165	31.239513
45344907	121.466023	31.222663
69082472	121.484304	31.226379
59272984	121.452894	31.329881
21051437	121.498808	31.249759
3496786	121.392969	31.212112
75713023	121.320207	31.197518
18477209	121.722755	31.042069
79415821	121.490881	31.262656
91643892	121.505348	31.269072
19684259	121.619299	31.22139
18055721	121.402786	31.147732
6152682	121.393683	31.11277
68170963	121.484295	31.238346
76961537	121.446486	31.223723
66418345	121.551916	31.210927
67232504	121.466023	31.222663
18723439	121.409049	31.215263
32579346	121.451101	31.328813
24057746	121.450447	31.304558
3071557	121.447712501	31.1906896769
6851102	121.455714	31.21782
6152649	121.443991	31.189548
38216034	121.476656189	31.2237211785
32713184	121.503994	31.234266
69076754	121.531688	31.228072
65097649	121.483093	31.238312
14729771	121.512753	31.30737
23007636	121.436205	31.210999
4501088	121.476842	31.221184
75713015	121.320207	31.197518
66715197	121.388802	31.238869
21787046	121.48102	31.221055
16992475	121.403053	31.200531
23013966	121.41805	31.278679
21278283	121.594001	31.277517
21333304	121.451355	31.220902
16992075	121.44971	31.249072
18182063	121.484497	31.239118
5668432	121.169178	31.29389
10336320	121.490769	31.243668
5624515	121.535069	31.303608
32447570	121.403956	31.187748
585011	121.400859	31.20095
67938357	121.470889	31.224898
69266800	121.534733	31.324029
5156345	121.406441	31.220379
17821871	121.389267	31.198548
11577586	121.489711	31.20773
92252304	121.381646	31.177649
61103338	121.466608	31.226684
76874478	121.409049	31.215263
57430849	121.242252	31.011393
68167591	121.241213	31.01112
19369848	121.434126	31.257565
14725550	121.410046	31.21015
3097831	121.49769	31.296693
69213692	121.400314	31.199724
18638279	121.538428	31.286934
73603255	121.414129	31.20951
2800480	121.347574	31.170699
67218964	121.524768	31.237141
24069759	121.477048	31.210142
76720327	121.460871	31.236014
3866794	121.530756	31.233262
76742555	121.50595	31.242526
59347778	121.484726	31.213699
69210476	121.619299	31.22139
4078315	121.477238	31.238411
23405398	121.608519	31.211203
24772136	121.462045	31.235563
57878168	121.451619	31.230781
10654959	121.483093	31.238312
8062836	121.414429	31.209487
90911754	121.705048	31.190707
73395958	121.505348	31.269072
19635046	121.409049	31.215263
92773941	121.445006	31.20163
15867345	121.536802	31.228312
23212718	121.428634971	31.2174194984
66261804	121.448692	31.287431
21403307	121.457934888	31.2294768599
67630964	121.515801	31.279094
5668421	121.458797	31.280291
22142687	121.433728	31.236925
6080649	121.391374	31.196403
4745944	121.472456	31.224753
24820283	121.428393	31.19311
73573041	121.509304	31.202538
73428532	121.486462	31.231239
68955583	121.545486	31.317976
24597548	121.535474	31.229052
5454259	121.477406	31.226944
67206748	121.413764	31.2117
27162896	121.485719	31.226676
8715855	121.457791	31.220161
21309508	121.46661	31.227399
21274818	121.388802	31.238869
13969883	121.53012	31.233664
20881138	121.408945712	31.2155711525
24727648	121.570406	31.218855
69243527	121.321784	31.201482
22969452	121.390736	31.197248
5219437	121.390273	31.196649
41830580	121.393737	31.112857
93114740	121.541832	31.294993
24644179	121.488828	31.237867
15928770	121.489054	31.264034
16970446	121.435143	31.216162
32504580	121.452165	31.289646
5160787	121.409063	31.1395
4267644	121.476045	31.211148
69614101	121.545094	31.271587
17783787	121.448043	31.212855
58277013	121.348579	31.263154
76085274	121.425091	31.186772
3917686	121.378469	31.187594
43698712	121.434557	31.210047
5349378	121.408209	31.216832
19581316	121.399185	31.206404
90297302	121.51451	31.271414
5239875	121.419824	31.197641
69205000	121.393947	31.193274
14721437	121.539183	31.247565
79435846	121.434671	31.210062
38066007	121.568187327	31.2173756959
58897632	121.407324	31.216402
17151184	121.414129	31.20951
8014479	121.414242	31.208334
23082157	121.567303	31.213933
1923325	121.397448	31.215155
66540553	121.524669	31.234872
23510479	121.493722	31.217239
15965480	121.425166	31.225426
58360696	121.464441	31.223852
52550815	121.535269	31.266156
19126007	121.443617	31.34087
15129125	121.409102	31.211701
92729145	121.519357	31.307798
38216164	121.663569	31.269259
66406093	121.450727	31.232661
69889987	121.470026197	31.3335425101
22689675	121.722755	31.042069
18080179	121.379447737	31.1746957838
19156944	121.500421	31.305868
24824049	121.381015	31.175797
77261900	121.477922	31.326685
24607612	121.527747	31.2975058759
38076115	121.600518	31.121499
34521963	121.448005	31.289181
69279102	121.446245335	31.3359565915
27070617	121.594963	31.318183
68236817	121.515801	31.279094
17617985	121.211205	31.055984
75064085	121.39497	31.182395
68942918	121.42273587	31.2246410569
65697224	121.425091	31.186772
8865553	121.420733	31.21508
56541198	121.454325	31.223537
23972720	121.512547	31.308902
2860426	121.37898	31.177211
24739577	121.409747	31.203433
26232197	121.381646	31.177649
17960248	121.511714	31.310311
23473284	121.386462	31.171997
68226640	121.380187	31.175619
22349137	121.382247	31.176934
19266076	121.489416	31.291177
92260103	121.520124	31.305696
27512596	121.454674	31.329597
18180837	121.380959	31.175598
65713743	121.33427	31.149209
18519011	121.331304	31.245747
21678383	121.381946	31.177389
19592795	121.500721	31.410149
19794197	121.500207	31.306311
9901662	121.558872	31.230771
56157827	121.526037	31.296395
15859918	121.368676	31.140811
21647406	121.408099	31.237829
67572000	121.487242	31.232614
5319197	121.465839	31.241116
66767142	121.455624	31.243073
69480991	121.487621	31.231195
52117769	121.544302	31.269994
21649460	121.381823	31.177232
37790563	121.38732	31.181369
2122738	121.264338	31.389697
22652933	121.762857	31.047754
66964603	121.429176	31.285462
19011429	121.242252	31.011393
19091593	121.452244	31.330087
18029329	121.49446	30.922198
57448458	121.561955	31.206768
66188924	121.382095	31.177171
18136400	121.36156	31.10547
22231975	121.465869	31.323484
33680160	121.474777	31.211794
4127418	121.536498	31.228633
5256874	121.379229	31.182919
13928024	121.379548	31.174725
68069128	121.448639	31.19841
69808553	121.547960731	31.1524458566
67083790	121.600907	31.119084
27392873	121.465291	31.273568
28592387	121.409083	31.191582
38316972	121.41804	31.278856
23136132	121.399185	31.206404
68929889	121.409323	31.194033
66821320	121.435295	31.165005
69743932	121.518922	31.310366
67744305	121.480938	31.301118
68073707	121.564046	31.20932
6298715	121.371356	31.1785
5144160	121.501441	31.396166
5537388	121.322181888	31.1533531738
24024818	121.454321	31.330489
21270452	121.774639782	31.0535496166
19208606	121.256815	31.391471
2817748	121.380363692	31.1703082442
19197157	121.164238	31.298746
43623575	121.592903	31.099197
23476289	121.38732	31.181369
18074021	121.530763	31.230428
21647237	121.40821	31.13973
32526207	121.388178	31.249021
52343686	121.409405	31.216562
21321220	121.49326722	31.2687544494
68008588	121.745304	31.045576
24288353	121.249045	31.064732
5502330	121.379822	31.174806
67943294	121.431173	31.174803
20794122	121.51686	31.309872
8672708	121.225812	31.044233
17826881	121.381611	31.175984
21922183	121.931017	30.903137
72460394	121.102808	31.150791
69471994	121.384249	31.175823
16960421	121.70918	31.20542
27229383	121.393375	31.321246
22835272	121.388774	31.178543
4742307	121.248635	31.389711
32849835	121.382135	31.176528
24664578	121.382247	31.176934
13856381	121.380556828	31.174990745
66876037	121.480101	31.229499
19611959	121.467794	31.23624
569909	121.381661	31.178453
69414009	121.443466	31.203626
67867988	121.449969	31.234222
19585835	121.45445	31.329543
67762096	121.361155	31.164298
21680549	121.52214	31.234123
68073496	121.419165	31.239513
32499199	121.388802	31.238869
17654466	121.381149	31.175734
10665396	121.514429	31.272398
24077263	121.700277	31.18937
24327926	121.528021	31.296919
92359442	121.471807	31.225913
2040634	121.39266	31.182168
25165420	121.248043	31.063833
14709401	121.388774	31.178543
66382687	121.38732	31.181369
69749107	121.313758	31.206468
67788628	121.40245	31.625669
507186	121.403466	31.200268
4109408	121.365664235	31.1803373612
17146538	121.388434	31.179312
57380542	121.47278	31.335211
24724899	121.411774	31.217463
23657253	121.454784	31.330396
68156682	121.361155	31.164298
66346570	121.597913	31.260424
20916796	121.491851	31.405359
15593051	121.409236	31.192444
6040070	121.419673	31.194387
21727530	121.415846	31.233555
6504666	121.375028	31.215329
69186608	121.552089	31.209518
90584426	121.370142	31.136868
76983150	121.251316	31.063074
24066547	121.38732	31.181369
38102563	121.407174	31.138772
20938469	121.370551	31.17998
66608467	121.579602	31.141998
23213565	121.388917	31.188234
67993351	121.276721	31.387954
26999160	121.488973	30.919952
4706360	121.38732	31.181369
6231672	121.498617	31.306967
21178283	121.407263333	31.1950972955
21175486	121.348579	31.263154
18706944	121.378862	31.173505
21352202	121.523926	31.308427
67403366	121.264201	31.372662
57490660	121.507641007	31.2415506405
23596944	121.44712	31.248434
15106979	121.481913	31.25874
92712986	121.208200464	31.0663675249
13784702	121.464689	31.221732
24996989	121.483093	31.238305
16978893	121.25784	31.389922
75196919	121.476261	31.215673
38163600	121.51172	31.325945
19397302	121.463246	31.248826
37928719	121.466847	31.305484
66756779	121.407246	31.216525
18326475	121.248412	31.063896
10014834	121.53012	31.233664
69454903	121.459085	31.261442
21019682	121.504919	31.241821
92348166	121.448689	31.20155
38113727	121.484048	31.226563
57437720	121.409768	31.216779
20667380	121.478623	31.246903
32653808	121.380967	31.1839
8985698	121.492649	31.255012
22662157	121.579998	31.158363
92220753	121.419165	31.239513
24354963	121.521525	31.233923
79467695	121.449789	31.231829
15909519	121.518753	31.311027
69687133	121.53447	31.236369
16977731	121.523619	31.234122
24682309	121.517235	31.311945
14693398	121.463535	31.228941
66647173	121.321518	31.199587
92756870	121.361155	31.164298
8067103	121.480101	31.229499
20952202	121.393642	31.112926
92438601	121.243707	31.396507
8960829	121.448692	31.287431
68116314	121.361155	31.164298
5575891	121.568577	31.216764
69504258	121.505348	31.269072
22649068	121.378977	31.35071
76944735	121.450489	31.217768
17921879	121.438857	31.186803
19630926	121.334676	30.736545
27034021	121.363238	31.223685
24732947	121.476656	31.223721
66728386	121.584216	31.264138
91606687	121.370142	31.136868
33578217	121.458337	31.233126
78988248	121.512009	31.239005
25127542	121.576258	31.120572
65843137	121.356914	31.103638
4169945	121.450493	31.240195
90270586	121.380187	31.175619
27015729	121.380187	31.175619
32573190	121.591770911	31.2062112211
26966860	121.474106	31.214427
4110661	121.425535336	31.2144585159
74069589	121.515577	31.258386
21377339	121.462698	31.216597
23420388	121.498147	31.192426
42654447	121.478654	31.250473
66958872	121.321642	31.198901
67868150	121.466847	31.305484
18496522	121.530756	31.233262
21006110	121.608519	31.211203
13828402	121.456086	31.230261
19363137	121.401856	31.228413
37805657	121.464391	31.192684
13820491	121.454035	31.229462
13881307	121.475515	31.237526
22468975	121.452919	31.232035
8697024	121.445456	31.212725
585916	121.474068	31.234661
21146789	121.414805199	31.2128490517
38715716	121.523809	31.308514
67883772	121.442702	31.225162
21293199	121.408747	31.215378
15129010	121.617263	31.299358
10008863	121.522618	31.162642
17712409	121.473273	31.231516
8937396	121.518614	31.209742
17690116	121.443628	31.20098
76998819	121.463776	31.19102
9033708	121.401239379	31.19772604
69290600	121.466272	31.266234
77249373	121.321076	31.202949
83500387	121.389717	31.198868
5638819	121.473654	31.214648
66617137	121.497728208	31.247029093
33575469	121.518462	31.23807
74605692	121.487554	31.231199
19643664	121.392209	31.202834
92266093	121.413509	31.216206
77278916	121.354559	31.286875
90444171	121.545084	31.238416
90501384	121.448131	31.261441
6184500	121.496316	31.244073
15908890	121.497295	31.240186
76952651	121.469226	31.236851
72476515	121.479117	31.212192
66862539	121.667171	31.146792
66596123	121.474406	31.214766
79449804	121.470841	31.231331
92074989	121.472118	31.229271
76854134	121.378447	31.240123
32548173	121.463879	31.226748
27248517	121.473884	31.21395
23967372	121.578327	31.165366
5165502	121.38013	31.175593
66376265	121.401179	31.196594
77259872	121.505348	31.269072
66631888	121.661395986	31.1463027843
76658118	121.393094	31.213655
17228166	121.223259	31.038907
63236083	121.38885	31.193371
15871581	121.392222	31.321074
21596832	121.513992	31.222981
90101493	121.572915	31.1814
91928037	121.25663	31.407333
9071330	121.443948	31.236884
67556261	121.355294	31.098239
75144868	121.44712	31.248434
69537045	121.331984	31.308134
24077779	121.511547	31.241001
70767119	121.578047854	31.1646837271
66866544	121.276869	31.116752
15094438	121.542787	31.155577
58014518	121.321642	31.198901
75691276	121.46754	31.229368
24769441	121.575067	31.265594
68051321	121.567765	31.217423
15095024	121.48339	31.21435
21584102	121.494218	31.24674
24508627	121.479641	31.223305
22369900	121.49618	31.244099
19322600	121.298635	31.175843
10341059	121.457658	31.212043
77455621	121.467454	31.216599
18518363	121.499012	31.19042
5733236	121.452116	31.222137
17999384	121.457608	31.212024
79282973	121.452741605	31.229734156
57698657	121.497631	31.193663
90497593	121.414035395	31.1433353532
67138913	121.511392	31.325993
57411148	121.262847	31.386331
6062484	121.482997	31.239317
75157285	121.444364	31.341563
59116703	121.514477	31.309147
65812944	121.441822	31.232929
91945656	121.52435	31.234822
6379236	121.565936	31.233959
66508455	121.44482	31.214658
21341829	121.466524	31.235038
72649493	121.473041	31.22919
59118553	121.484543	31.211364
5536988	121.589742	31.141886
69675620	121.467682	31.212223
22585879	121.564232	31.232168
79215975	121.535456947	31.227962095
74620823	121.457801	31.229614
77451677	121.549521	31.221876
90000930	121.704326	31.191287
76926807	121.459697	31.234984
15996754	121.454555	31.318177
19488045	121.513275	31.102195
24806371	121.525344	31.235558
24619699	121.500163	31.26701
32324328	121.410346	31.196155
8874249	121.567243972	31.2139661296
70002678	121.511447	31.216545
22130921	121.495583	31.396843
13663272	121.287712	31.20891
17694352	121.400361	31.199783
4717483	121.349537	31.266629
6334293	121.523128	30.852664
79670268	121.524146	31.314854
16967856	121.460645	31.154785
67377473	121.497804	31.400372
69478245	121.496476	31.337405
75124958	121.320207	31.197518
63168657	121.499474	31.237525
67330730	121.472815865	31.2212131912
72468264	121.495711	31.242272
73398005	121.451841	31.201285
79420355	121.361155	31.164298
13784786	121.464689	31.221732
76838361	121.452274	31.343622
83535159	121.512577	31.225529
65693086	121.48363	31.227813
65615698	121.394056	31.219922
32513687	121.470108412	31.2331042601
37942497	121.462278	31.223446
72466727	121.507761	31.243991
76918587	121.60297	31.232095
67251491	121.551677	31.21055
22303119	121.514846535	31.2557603687
22911359	121.446221	31.199036
5453740	121.457658	31.212043
24011708	121.50595	31.242526
67900484	121.399185	31.206404
92024251	121.449998	31.243388
58753905	121.448304	31.234933
21343952	121.448639	31.19841
67398601	121.467645	31.21261
23712534	121.501551	31.180993
69186516	121.453277	31.217265
32703033	121.478654	31.250473
24705400	121.321784	31.201482
76676515	121.47305	31.23163
66864968	121.453465	31.248152
92093171	121.524542	31.305713
68132998	121.534437	31.235427
33586950	121.45125	31.332769
5396656	121.513831	31.308916
5503317	121.394177	31.193057
8685655	121.589155	31.246449
73418613	121.315767	31.207539
75639123	121.417568	31.106792
5326628	121.522689	31.228241
15910266	121.512638	31.277018
91984901	121.54871	31.225023
17683780	121.454287	31.223524
67963481	121.526803	31.247695
3434359	121.394707	31.1972058622
90897221	121.470521	31.237317
83529088	121.451587	31.044446
21171533	121.584661	31.121197
27420071	121.376437	31.198172
69806504	121.485851	31.288281
66607504	121.579837	31.141613
69265619	121.489806	31.260978
17694393	121.455799	31.240884
68046716	121.525397	31.307906
27469490	121.504544	31.233696
24078657	121.452055	31.231137
21584597	121.457304	31.226461
66914883	121.399227	31.20691
67672216	121.450157	31.233253
6119146	121.49735	31.239778
18418588	121.46661	31.227399
5278796	121.447016	31.21979
19290716	121.465185	31.226447
65801209	121.447221	31.235563
70445375	121.505348	31.269072
23086186	121.474777	31.211793
1926859	121.444257	31.217807
18338783	121.515448	31.301958
74602502	121.512	31.239186
68191998	121.570406	31.218855
22076475	121.452643	31.218688
21109684	121.508925	31.241836
67722897	121.490139	31.267236
69448371	121.466847	31.305484
79450382	121.461428	31.222402
507368	121.452809	31.210652
22701693	121.453737	31.22113
27238989	121.423674	31.225896
8065402	121.4461	31.199261
59400195	121.58856	31.261823
4703887	121.455729	31.211092
32308884	121.511392	31.325993
68226631	121.457942	31.238192
18021257	121.487218	31.229583
74068550	121.466138	31.222045
91884643	121.50420982	31.2705201965
23402964	121.378977	31.35071
27534184	121.321642	31.198901
43558256	121.436398	31.23535
23722274	121.185738	31.285903
46457708	121.321784	31.201482
32383017	121.414255	31.21313
11560210	121.497854	31.240722
18265803	121.521525	31.233923
18661321	121.460472	31.212845
69298876	121.357632	31.161365
57408841	121.54428	31.223328
58450231	121.584216	31.264138
17893329	121.521604	31.271249
83435577	121.461467	31.227392
77446549	121.482867	31.238474
5816653	121.216953	31.047604
91383129	121.49131	31.25713
73433221	121.779636	31.059685
22370274	121.520117	31.310574
67455358	121.55136	31.210289
76295645	121.413764	31.2117
3009544	121.515585	31.295508
22295783	121.449747	31.196749
66821798	121.463422	31.235307
18264824	121.288246954	31.209324512
69256586	121.361155	31.164298
23448732	121.504983	31.233152
79233655	121.511702	31.307446
15948634	121.473614	31.214089
67606460	121.485053	31.273039
2319697	121.410309	31.195855
66024055	121.477782	31.225751
