92480891	Fop pizza 火焱披萨	大沽路390号	121.465759	31.22537	53832799	3	811	116
93185187	M8牛排馆	昌平路317号	121.449289	31.236769	15000402551	3	814	116
90101493	望秦精酿啤酒餐厅 WITCHCRAFT	五星路406号A03	121.566376	31.174866	58911077	5	12029	116
93335446	泡咖西餐厅	灵石路716号宝燕商城	121.438816	31.282053	66550115	8	828	116
9033708	红花铁板烧	古羊路1129号名都城俱乐部后廊	121.394385	31.190425	64051878	12	847	116
90501384	飞行比萨Pizza Alvolo(远景路店)	远景路616号A栋104号商铺	121.441719	31.255077	4008527927	7	819	116
67630135	必胜客(松江新理想店)	松江区荣乐西路860号新理想广场1号门	121.197006	31.016675	37685922	5937	70277	116
92895907	必胜客(吴泾宝龙Bistro店)	剑川路438号吴泾宝龙广场一楼	121.451622	31.038598	54436329	12	None	116
4717483	必胜客(曹安店)	曹安公路2300弄3号	121.33989	31.25976	39187013	5938	5962	116
6184500	Ultraviolet by Paul Pairet	中山东一路18号6楼	121.4897732	31.23846394		6	859	116
69290600	O2ZONE氧舍(中山北路店)	中山北路756号	121.459877	31.259789	56531073	8	2864	116
77249373	Reve Kitchen创意法式料理	申长路988号虹桥万科中心LG229号	121.315252	31.195976	34513086	12	70507	116
5638819	The Plump Oyster bar	建国中路169弄3楼	121.466995	31.208639	54183175	1	838	116
92266093	TONO'S海鲜波奇轻食(天山店)	天山路1111号B1-46	121.40681	31.210529	13818979313	4	None	116
74605692	野猪先森榴莲披萨 mr.boar	淮海东路99号6楼602室	121.48099	31.22537	18717841148	6	860	116
66376265	Molo榕	古羊路1129号名都城名都俱乐部一楼	121.394620437	31.1908591484	13370017776	12	846	116
5165502	TAMATI(虹泉路店)	虹泉路1078号1楼	121.374132	31.169868	62956620	12	846	116
8868389	必胜客(南翔祥腾店)	真南路4500号中冶祥腾广场一层02号	121.321871	31.295063	69921821	5938	5944	116
19643664	西郊壹号·南苑铁板烧	虹桥路1950号	121.385549	31.196968	62300207	4	839	116
33575469	PizzaD	东昌路508号	121.511916	31.232366	50935567	5	801	116
63236083	见个面·上海	华光路280号	121.382269	31.187736	13916218985	12	847	116
5867605	必胜客(嘉亭荟店)	安亭镇墨玉南路1055号220,223商铺	121.16209	31.28739	69503677	5938	5945	116
77278916	Sizzling滋滋牛排屋(新邻天地店)	武威路1285号新邻天地1层	121.348239	31.281422		7	12038	116
92902014	I-TATTOO BAR	番禺路232号	121.429077	31.206393	13621926232	4	843	116
58014518	必胜客(虹桥天地店)	申长路688号虹桥天地3层	121.314928	31.192282	34550017	12	70507	116
90444171	唯尚欧陆厨房	羽山路252号2楼	121.540833145	31.2313189677	58515088	5	807	116
22298022	必胜客(奉贤宝龙城市广场店)	航南公路5639号宝龙城市广场一楼	121.463031	30.930373	33657015	8846	9172	116
15908890	茹丝葵牛排馆	广东路20号外滩5号4楼	121.490603	31.234403	60714567	6	859	116
72476515	AFTER SEVEN - 今7	丽园路1017号	121.472583	31.206195	63021177	1	838	116
66596123	Bianchi & Bella Ciao	建国中路155弄7号田子坊	121.467884	31.208698	64172827	1	838	116
92529171	Le Bistrot de Racine	常德路609-1楼	121.445085	31.23085	52715067	3	812	116
79449804	Miss Poke波奇鲜食饭	大沽路511号	121.46435	31.22522	13918308667	3	811	116
67138913	Sky Restaurant & Lounge	星汇广场国安路758弄28号	121.50513	31.32045	35350221	10	854	116
92876078	Burger it 鲸吞汉堡	襄阳北路100号二楼	121.455827	31.217279	13818186564	1	835	116
32548173	翡冷翠1835意大利餐厅	陕西南路35-4号	121.45776	31.22061	54979513	1	835	116
19322600	Macarena 玛卡莲娜西班牙餐厅	高泾路888弄	121.29173	31.16911	39880890	5939	30340	116
27248517	lavender意面	瑞金二路225弄21号	121.467159	31.207939	64158796	1	838	116
83500387	Jstone.Italian KITCHEN&Bar(虹梅路店)	虹梅路3911号	121.383341	31.193542	52735275	4	839	116
66631888	Aurora  绚景楼	上海迪士尼乐园酒店八楼	121.665891	31.1352	4001800000	5	70265	116
76854134	DATING达庭西餐厅&酒吧	金沙江路1628号2号楼6楼绿洲中环中心	121.379074	31.233313	62593263	7	818	116
17228166	王品牛排(上海松江店)	文诚路500弄1号阳光新生活广场一楼	121.216747	31.033017	57799885	5937	67354	116
66617137	Le Rivage	中山东一路425-429号	121.49061	31.24068	53067757	6	859	116
21596832	BistroFresCo颖·简餐(沃弗1846店)	外马路601号沃弗1846商业中心1层	121.507385	31.217327	63331101	6	864	116
15871581	taco(聚丰园店)	聚丰园路上坤城市广场	121.384731	31.315307	13801830801	13	2527	116
69675620	La Vite意大利餐厅酒馆(建国西路店)	建国西路221号2楼201室	121.461218	31.20606	64260026	2	869	116
76658118	德格里THE GILI Tomahawk(虹桥店)	虹桥路1665号星空广场别墅C6座	121.392241	31.200929	62677577	4	839	116
73433221	香菌舫	上海浦东新区惠南镇拱极路2626弄8号	121.773179	31.05363	58125825	5	5948	116
67556261	碳匠音乐餐厅酒吧	新南路560号	121.348929	31.092103	57645515	5937	11374	116
17187282	Asitiman 阿斯堤曼(闻喜路店)	彭浦新村闻喜路612号	121.455831	31.308465	18717755685	8	829	116
75144868	OZ MADE澳思牛排(189弄购物中心店)	长寿路189弄189弄购物中心B1层	121.440698	31.242066		7	815	116
15094438	C-UP Coffee	御桥路270弄21号	121.535338	31.149357	50899098	5	22947	116
70767119	Mr.Lucky西餐啤酒吧	御青路1118室	121.573463	31.15033	17717368652	5	5947	116
70002678	MERCADO DE WAIMA	外马路1028号幸福码头10号楼	121.50628	31.21078	63788809	6	None	116
24077779	KAKA SALAD(金茂店)	世纪大道88号裙房金茂时尚生活中心2c－06	121.50546	31.2351	50675760	5	801	116
91984901	less is more	世纪大道2002号亚太盛汇南广场1号玻璃亭	121.543729	31.218281	50779092	5	803	116
66802348	必胜客(百联嘉定购物中心店)	澄浏中路3172号百联嘉定购物中心1层	121.278516	31.386502	69898167	5938	None	116
18621034	必胜客(中鸿店)	嘉定区清河路2号	121.25116	31.386287	59946391	5938	5946	116
24769441	pizza maya	栖山路1735号底层03室	121.568614	31.259032	18930915203	5	2869	116
21088211	必胜客(青浦吾悦广场店)	淀山湖大道150弄青浦吾悦广场一层-014-二层-014号商铺	121.094243	31.1434	59800360	5939	22993	116
5208387	必胜客(奉贤南方国际店)	南奉公路8515号南方国际购物中心一层,二层	121.484102	30.915294	33611517	8846	22961	116
6334293	海魔咖啡西餐厅Himo Cafe	奉炮公路450号常青大厦1楼139室	121.516709	30.846439	61150603	8846	24025	116
21584102	THE NEST	北京东路130号中实大厦6楼	121.48728	31.2406	63087669	6	859	116
15095024	壳里西餐厅Coquille Seafood Bistro(壳里西餐厅)	蒙自路29号	121.47693	31.208596	33768127	1	838	116
22369900	L'ATELIER de Joël Robuchon	中山东一路外滩18号3楼	121.48977	31.23848	60718888	6	859	116
13784786	莫尔顿海鲜牛排坊(浦西iapm店)	淮海中路999号环贸iapm商场L4-403	121.457901	31.215898	60677888	2	870	116
66862539	The Cheesecake Factory 芝乐坊餐厅(迪士尼小镇店)	迪士尼小镇（百老汇广场）申迪西路255弄720号	121.660575	31.140535	58936018	5	70265	116
65693086	The Pump 樂汸(新天地店)	太仓路68号	121.476924	31.222194	53866787	1	836	116
18518363	王品牛排(上海世博源店)	上南路168号世博源3区2层202B号	121.492310099	31.1847104596	31068732	5	67275	116
74602502	ph+概念店	银城中路501号B2-1室	121.50626	31.234099	50891652	5	801	116
76998819	BORAGE生活馆	东安路562号绿地缤纷城5层501	121.457781	31.18435	33637188	2	871	116
92074989	AM Aquarium	巨鹿路158号下沉式广场5182-5184号	121.466554	31.223154	63336557	1	835	116
10341059	Avenue Joffre Bar	永嘉路570号永嘉庭5号楼1楼	121.45130995	31.2059592014	60299725	2	867	116
37942497	Jstone.Italian KITCHEN&Bar(襄阳公园店)	襄阳北路100号襄阳坊2楼	121.455837	31.217187	54046569	1	835	116
17999384	OTTIMO欧迪姆进口生蚝吧西餐厅	永嘉路570号1栋4楼（永嘉庭）	121.451152	31.205404	64870553	2	867	116
57698657	Oyster EXPO江月蚝庭西餐生蚝吧(世博店)	上南路168号世博源1区LM层01号	121.49193	31.188085	31118231	5	67275	116
57411148	food place	金沙路8号	121.25634	31.380586	59526778	5938	5946	116
92949297	鸢尾天空法餐厅 iris le ciel by choc	西藏北路198号大悦城北楼802-11号	121.471679829	31.2428302941	60837059	8	12026	116
79282973	OH Cafe欧巧西餐酒吧	南京西路久光百货二楼珠宝区S207-208	121.446215	31.223939	32205386	3	812	116
23967372	CHEF PAPA(万科海上传奇店)	御桥路1949号万科2049海上传奇L402室	121.571642	31.159218	50916771	5	12029	116
6379236	义面屋(大拇指广场店)	芳甸路199弄28号B大拇指广场2层	121.559679	31.226046	58558988	5	803	116
22585879	KeyGreen Oyster&Lounge会蚝友生蚝酒吧	芳甸路300号联洋广场B区1层B16号	121.557893	31.225827	60875277	5	803	116
77259872	OZ MADE澳思牛排(瑞虹天地月亮湾店)	瑞虹路188号LG-35-F-5	121.498819	31.26331		9	824	116
21343952	DIONNE红酒西餐厅(天钥桥路店)	天钥桥路133-12号永新坊一层	121.44229	31.19198	33633113	2	865	116
66508455	Nico's Oyster法式创意海鲜餐厅	湖南路287弄甲1号	121.438405	31.208293	64338561	2	868	116
65812944	holyhigh轻食(静安寺店)	武定西路1180号	121.435451	31.22667	62487370	3	812	116
21341829	La casetta意式私家厨房(南京西路店)	泰兴路89号张园99东区2楼	121.460174	31.228808	62725098	3	811	116
91607397	The Bull & Claw 鳌足汇	汾阳路110号	121.453736	31.209902	33567608	2	870	116
79215975	减餐不简单(东方店)	东方路985号1楼25铺	121.529169	31.221848	13916019566	5	809	116
67398601	OPPOSITE by Jenson&Hu	建国西路222号	121.461159	31.206368	64270127	2	865	116
59116703	Salad Formula 沙拉方程式(大学路店)	大学路272号302室	121.508034	31.303438	55783316	10	854	116
74620823	OSTRA贝龙湾	铜仁路68号	121.451375	31.223265	62883299	3	812	116
91928037	PINK BEAR 粉熊餐吧	胜竹路2050号2楼	121.250173	31.402003	59915177	5938	None	116
77451677	邻家市集	锦延路329号地下一层	121.543066	31.215642	61063270	5	803	116
79670268	SU. Colours Coffee Roaster	政德东路53号Z18生活商场308室	121.517514	31.309133	55957258	10	854	116
3277699	必胜客(大华乐购店)	大华路518号	121.414243	31.271057	66396729	13	831	116
75157285	乐宠屋宠物主题餐厅	纪蕴路320弄和欣商业广场七号楼	121.438002	31.336157	62118065	13	834	116
33586950	Mr.Pizza米斯特比萨(宝山共和新路店)	宝山区共和新路5219号家乐福上海共江店1F	121.444663	31.325902	66181207	13	834	116
9071330	Babbo	康定路1023号	121.437512	31.230488	62183798	7	813	116
90000930	乐凯撒·榴莲比萨(百联川沙店)	川沙路5398号百联川沙购物中心1层	121.697360124	31.1842387423	50969115	5	810	116
92455458	Baker&Spice(仲盛世界商城店)	莘庄都市路5001号百盛购物中心底商1层	121.387535	31.10714		12	849	116
15996754	Zero零度餐厅	共和新路4426号	121.4482	31.31185	15900534247	8	829	116
76926807	Butchery36(36号扒房)	南阳路36号	121.45325	31.228699	18017660181	3	811	116
90963581	DLAKE滴吧	南汇新城镇申港大道1号	121.925899	30.896485	20957979	5	24020	116
69537045	慧森活(南翔店)	宝翔路158弄旭辉u天地4号101	121.325583	31.301534	69925199	5938	5944	116
17694352	h-acca(古北店)	水城南路37号万科广场3F	121.393591	31.194583	62718136	4	841	116
19488045	acmepizza(银杏广场店)	浦江镇浦星公路与陈行公路交叉口北100米银杏广场2层	121.506673	31.096534	61131220	12	8928	116
59019675	瓜牛(静安寺店)	愚园东路28号2楼瓜牛	121.448750074	31.2260093024	13248303898	3	811	116
93279824	堡革BURGREAT	马当路388号复兴sohoB2-19	121.474801	31.214773	15000620688	1	835	116
8874249	Mamma's  Pizza	樱花路810号	121.561071	31.207595	15821886627	5	803	116
66866544	味可思精品肉类体验馆	西安路58号	121.493655	31.249844	65112357	9	825	116
22130921	Love Spoon	永乐路722号	121.489182	31.391216	56572706	13	833	116
13663272	PizzaMarzano玛尚诺(丰尚国际店)	华漕镇运乐路569弄171单元	121.281985	31.203791	52962700	12	22952	116
24806371	chopped green碎绿沙拉(新大陆广场店)	南泉北路528号新大陆广场北楼3层01D室	121.518608	31.229722	68915258	5	802	116
27420071	PARADISO 披萨迪索	哈密路2010-4号	121.369789	31.192187	31665820	4	844	116
1901641	必胜客(申越店)	中山中路265-289号	121.228793	31.006398	57819453	5937	22983	116
66821798	KAKA SALAD(梅龙镇广场店)	南京西路1038号梅龙镇广场B1层	121.456645	31.228915	62299970	3	811	116
32324328	LYLA 利萊 European Cuisine	伊犁南路77号2楼	121.403765	31.190653	54776852	12	846	116
8717942	棒约翰比萨(松江新南店)	新桥镇新南路989弄41号1层	121.339513	31.088193	4008887272	5937	11374	116
90112755	萨鲁特披萨	水城路550号	121.391318	31.210717	62340058	4	840	116
50254779	必胜客(星空广场店)	虹桥路1665号星空广场1层	121.39231	31.200874	52660175	4	839	116
69806504	Pizza Taxi(广灵一路店)	广秀路100号博思酒店裙楼105室	121.479586	31.279789	55788016	9	22946	116
68051321	惟素沙拉(博览汇广场店)	梅花路1099号博览汇广场B1层	121.561297	31.211028	68581121	5	803	116
67606460	seven salad七沙拉	西江湾路126号C17-1	121.47852	31.267198	18301827717	9	821	116
67377473	酷乐咖啡CoolLife Cafe(宝山城区店)	永清路700号宝山体育中心上海国际影城2楼	121.491702	31.393089	13764577757	13	8440	116
16967856	咖啡博物馆	喜泰路237号10号楼	121.454248	31.148586	13023197909	2	873	116
69478245	Light&more 轻食主义	长江南路12号	121.489876	31.331626	15216687450	13	9171	116
75691276	0316-ENCORE	巨鹿路276号	121.461084	31.223208	18601771853	6	None	116
27469490	1886汽车主题德国餐厅(外滩十六铺码头店)	中山东二路531号B116	121.498633	31.227482	59885777	6	859	116
63168657	da Ivo 意大利魔镜餐厅	金陵东路1号23楼	121.492746	31.231361	57171757	6	859	116
72468264	1886汽车主题德国餐厅(外滩13号店)	汉口路11号	121.488833	31.236622	63218447	6	859	116
67330730	弦月窗.LUNETTE BY AMANDA(露台洋房店)	复兴中路532号	121.466383	31.215151	63335609	1	835	116
24508627	Monga Bistro	淡水路210号	121.473092	31.217335	15102177287	1	836	116
77218611	Brownstone Tapas & Lounge布朗石西班牙餐厅酒吧(陆家嘴店)	富城路28号	121.498516	31.234912	50775978	5	801	116
91945656	遇见牛排	南泉北路588号新大陆广场南楼1层S1-18室	121.51793	31.229649	61112317	5	None	116
79420355	Rhythm美式餐厅	漕宝路3299号七宝宝龙城市广场东区1层	121.355932	31.157938	60159276	12	848	116
5733236	Le Vin	长乐路936号	121.44584	31.21572	32561506	3	812	116
65615698	夏朵餐厅(天山店)	天山路341号缤谷文化休闲广场东区4层	121.386143	31.214329	52668100	4	840	116
22303119	Ermans Kitchen 珥玛厨房	公平路36号星乐汇商业街9-4、9-5、9-6号	121.508896	31.250115	65912500	9	825	116
72466727	Taco Bell 塔可贝尔(陆家嘴店)	世纪大道55号东方浮庭1F-1室	121.50115	31.23835	20249037	5	801	116
8065402	慕·法式铁板烧lamu(美罗城店)	肇嘉浜路1111号美罗城8楼	121.439626	31.193145	64229936	2	865	116
77455621	大勝胡同	陕西南路490号	121.461166	31.210928	15221499663	2	870	116
507368	solo(衡山路店)	衡山路237号2楼	121.44647	31.20436	64330779	2	867	116
76918587	麒麟阁	金科路东郊宾馆内	121.59629	31.22572	50271379	5	808	116
18021257	Mayita小玛雅墨西哥餐厅	寿宁路98号6楼辉盛庭国际公寓	121.480824	31.223612	63343288	1	836	116
59400195	义面屋(久金广场店)	张杨路与中环路交口久金广场1层	121.581188	31.255348	50831967	5	806	116
32308884	Wine Harbor Restaurant & Bar	星汇广场国安路758弄51号	121.504938	31.319878	65660169	10	854	116
67251491	ALAMI(富荟广场店)	樱花路80弄富荟广场B区L1层8号	121.544978	31.20387	50896252	5	803	116
6062484	牛排哈特	国顺东路410号黄兴全民体育公园内	121.528584	31.297613	18821151147	10	854	116
59118553	Favorita意大利餐厅(蒙自路店)	蒙自路207号12号楼1楼12-001B室盟智创意园内	121.478	31.20552	63139319	1	838	116
24011708	乐凯撒·榴莲比萨(正大广场店)	陆家嘴西路168号正大广场西区2层19号铺	121.49927	31.23685	68911388	5	801	116
23712534	三家馔休闲餐厅	浦东上南路886号-1	121.49508	31.17497	50490651	5	804	116
91884643	Homeless音乐餐厅酒吧(瑞虹店)	天宝路280弄27号	121.496222	31.264415	55082660	9	824	116
32703033	乐凯撒·榴莲比萨(静安大悦城店)	西藏北路166号大悦城北区B1层	121.472057	31.244197	60405022	8	12026	116
46457708	Mr. Glasses(虹桥天地店)	虹桥天地•新天地B座L3-01	121.314735	31.195173	33280199	12	70507	116
58753905	RAW EATERY AND WOOD GRILL	延平路98创意园6号铺	121.441814	31.22839	51759818	3	812	116
23722274	爵士码头异国餐厅	安亭博园路7001号汽车公园东大门	121.17975	31.27981	69570309	5938	5945	116
5453740	PizzaExpress 马上诺(永嘉庭店)	永嘉路570号111单元	121.451261	31.20568	64678898	2	867	116
27534184	赫佰仕(虹桥天地店)	申长路888弄，虹桥天地3号B1-05号	121.31545	31.19473	64880077	12	70507	116
83435577	Bulldog BAR-B-Q美式乡村烤肉	巨鹿路695弄1号1楼	121.45503	31.221149	54488175	3	811	116
8685655	彼德西餐(碧云店)	碧云路633号碧云体育休闲中心B23-24号	121.582748	31.239626	58908835	5	2868	116
72649493	Homeslice(158坊店)	巨鹿路158号158坊B1层	121.46636	31.223124	53099332	1	835	116
5536988	Alsace Bistro	秀沿路1181弄113室	121.582432	31.135682	68198323	5	5947	116
5326628	Jstone.Italian KITCHEN Bar(世茂滨江店)	潍坊西路88号	121.515966	31.222409	50189883	5	802	116
11560210	GOOD FELLAS(延安东路店)	延安东路7号外滩	121.491401	31.232602	63232188	6	859	116
68132998	乐凯撒·榴莲比萨(百联世纪店)	张杨路982号B1百联世纪内	121.527907	31.229462	50812713	5	70602	116
5503317	Odelice!欧膳(虹梅路店)	虹梅路3219号	121.387474	31.187533	54280598	12	847	116
68226631	Favorita意大利餐厅(新闸路店)	新闸路1315号	121.45144	31.231839	62116665	3	811	116
17683780	Porto Matto意大利餐厅	常熟路83号2楼	121.447856	31.217246	64177577	3	812	116
2032195	必胜客(百联真光店)	真光路1288号百联中环购物广场	121.383093	31.246025	52751982	7	818	116
5396656	EMMETT	锦建路20号301室	121.507202	31.303174	55088123	10	854	116
75639123	DHR意式休闲餐厅(新荟城店)	莲花南路1388弄新荟城2层	121.411843	31.100679	13564992119	12	851	116
5816653	卓兰塔法式音乐餐吧	新松江路1292弄142号	121.210481	31.040982	57856579	5937	22987	116
15910266	2nite.Bar​	大连路1256号	121.506236	31.27117	55783075	9	824	116
75124958	犉萃(龙湖虹桥天街店)	申长路869号龙湖虹桥天街B馆1层	121.313483	31.191112	54220276	12	70507	116
73418613	谷斯·进口牛排海鲜体验馆(虹桥新华联店)	申滨路473号新华联购物中心2楼	121.308579	31.200751	80316498	12	70507	116
3434359	Delight Food比利时餐厅	虹梅路3338弄老外街27号	121.38813	31.19154	64011790	12	847	116
68046716	瓜牛(五角场店)	政旦东路4号	121.518861	31.302052	15800811371	10	854	116
21171533	蘭赫咖啡(周浦店)	年家浜路327号三楼	121.578655	31.115029	20989292	5	5947	116
66607504	玛可瑞塔(康桥店)	康沈路651号	121.573288	31.135279	17301861717	5	5947	116
19475404	思帝文咖啡 Steven Coffee(昌平路店)	昌平路958号	121.437398	31.233153	15692168808	3	814	116
69265619	华鲕咖啡	四川北路1519号	121.483194	31.255292	66076768	9	822	116
66411801	狮戈特比萨(新江湾城店)	国霞路425号	121.50516	31.317278	13916313549	10	None	116
17694393	Oza Oza Bistro	康定路365号	121.44953	31.23451	62198963	3	814	116
22911359	乐凯撒·榴莲比萨(美罗城店)	肇嘉浜路1111号美罗城4楼A区4-5B/C	121.43981	31.19312	64686661	2	865	116
26979034	CrazyOnes西班牙海鲜饭(美罗城店)	肇嘉浜路1111号美罗城1F美罗内街	121.43981	31.19312	64260192	2	865	116
24078657	金色三麦主题餐厅(上海静安店)	愚园路96号愚园108美食广场2楼二号线静安寺三号口	121.445818	31.224598	62885911	3	812	116
80616249	Joy Cafe(宝马上海体验中心店)	世博园区雪野路35号宝马上海体验中心1层	121.49413	31.1819	18721478480	5	804	116
21584597	Mustache	巨鹿路768号1楼	121.450844	31.220071	62085357	3	812	116
73398005	Wanna feel Restaurant &Bar至觉	宛平南路104号永丰国际广场1楼	121.445288	31.195218	64399106	2	865	116
6119146	Mercato by Jean-Georges	中山东一路3号外滩三号6楼	121.490674	31.234148	63219922	6	859	116
5278796	Sunflour(安福路店)	安福路308号104室	121.440506	31.213441	64737757	2	868	116
19290716	AMANDA餐厅(长乐路店)	长乐路205号	121.458602	31.220306	54038883	1	835	116
58560231	World of Beer(WOB精酿啤酒餐厅)	富民路85号巨富大厦1楼	121.45074	31.22025	62058885	3	812	116
92090049	JR Recipe 共禾食谱(丁香店)	丁香路880弄丁香国际商业广场LG101-2号	121.55102	31.225173	68585772	5	None	116
32513687	T-Plus Restaurant&bar	威海路425号1层	121.463476	31.226773	31039013	3	811	116
65801209	fat cow	延平路135号1F103室	121.44103	31.22899	52282298	3	812	116
68191998	BIANCHI白昂其(浦东嘉里城店)	花木路1378号浦东嘉里城1层L122	121.563412	31.212114	68583991	5	803	116
67639566	Ole kitchen	吴江路178号2楼	121.460287	31.229708	13817575246	3	811	116
1926859	夏朵花园	复兴西路268号	121.437819	31.211122	62525603	2	868	116
18338783	LaBamba(三号湾广场店)	国定路333号三号湾广场2层	121.50902	31.29657	51263681	10	854	116
91896951	fuego费戈	瑞虹路188号瑞虹天地月亮湾L1-117A	121.49922962	31.2641398434	65676887	9	824	116
18418588	Captain Oyster Bar 船长蚝吧西餐厅	茂名南路56号	121.460128	31.221163	52049995	1	835	116
76838361	米莉西餐厅	呼玛路红太阳商业广场一楼109-110号	121.445924	31.336789	13689696554	13	834	116
67722897	空鱼空宠物咖啡狗狗主题咖啡厅	四川北路1851号荣欣大厦608室	121.48349	31.261318	18321398634	9	822	116
69448371	CHEF PAPA(协信星光店)	江场路1228号协信星光广场北区1层146室	121.458338	31.297382	56680759	3	None	116
21109684	PizzaExpress 马上诺(IFC 国金中心店)	世纪大道8号陆家嘴国金中心A座B1楼LG1-40室	121.501248	31.236898	68813197	5	801	116
4703887	h2	永嘉路595号	121.44942	31.20504	33680676	2	867	116
27238989	PizzaExpress马上诺(中山公园店)	长宁路1018号龙之梦购物中心7楼蓝中庭	121.41724	31.219566	52987217	4	842	116
76676515	The Caxton	大沽路374号	121.466568	31.225439	58887258	3	811	116
91658762	暖大叔沙拉煎饼(川沙百联店)	川沙路5398号百联川沙购物中心B1层	121.697832	31.185117	13564162148	5	810	116
74068550	Ellen’s西餐酒吧(陕西南路店)	陕西南路117号2楼	121.4596	31.215969	54651696	1	835	116
23402964	The Felicity 费斯缇地中海餐厅(绿地正大乐城店)	陆翔路111号绿地正大乐城1层	121.37215	31.344539	66027770	13	8442	116
43558256	乐凯撒·榴莲比萨(月星环球港店)	中山北路3300号环球港花园大厅B1层B1166	121.412777359	31.2335510566	62578897	7	9177	116
92093171	PizzaMarzano玛尚诺(合生汇店)	黄兴路2228号上海合生汇广场地上一层36、37号	121.518004	31.299932	65186520	10	None	116
67900484	香草山西餐厅(星空广场店)	虹桥路1665号星空广场5层	121.39231	31.200874	62780678	4	839	116
24705400	PizzaMarzano玛尚诺(虹桥天地店)	申长路688号335-336虹桥天地B1层01室	121.3155	31.19549	52237827	12	70507	116
67799119	MIRACOLO意大利餐厅(PLUS乐坊店)	芳甸路1376号PLUS乐坊B1层	121.562856	31.207043	26120916	5	803	116
65304949	食臻牛排	Mr&MrsFitness（台北风情街店）新城白银路288号4楼	121.260966	31.353655	69990235	5938	27830	116
69186516	wakewake	乌鲁木齐中路361号	121.446769	31.21063	18650802602	2	868	116
66864968	Urban Grill城市烧烤土耳其地中海餐厅	安远路127号	121.446995	31.241747	52716373	3	811	116
90569072	沙绿轻食(玫瑰坊店)	长宁路890号玫瑰坊商业街B1-20号	121.419081776	31.2188772598	52780198	4	842	116
90585209	Caffè MARYLING(八佰伴店)	张杨路501号第一八佰伴2楼	121.517209288	31.2276506937	20559688	5	802	116
17893329	Charles Kitchen	周家嘴路1888号瀚海明玉大酒店1楼	121.515183	31.265786	15102102383	10	855	116
18661321	Oyster Kitchen生蚝厨房	永嘉路479号	121.453991	31.206577	64225523	2	870	116
91884831	LIL'GREEN 芥绿	三新北路900弄1031号	121.19528	31.03461	67768898	5937	None	116
69298876	乐凯撒·榴莲比萨(七宝万科广场店)	七莘路漕宝路口七宝万科广场B1层	121.35114	31.15539	52004178	12	848	116
57408841	蚝派oyster express	锦延路83号1-2层49号地下一层0304室	121.53787	31.21712	61312137	5	803	116
32383017	Max&Salad大开沙界(虹桥南丰城店)	遵义路100号虹桥南丰城北区5层	121.407716	31.207445	61253067	4	839	116
18264824	Yasmine's  茉莉西餐厅(闵行店)	运乐路569弄丰尚国际广场156—157号	121.2813	31.202161	54725330	12	22952	116
1901545	必胜客(虹康友谊店)	仙霞西路88号百联西郊购物中心F1层1121	121.369450056	31.2086508157	52196155	4	845	116
22295783	洪客勒瑞士餐厅	南丹东路111号-17	121.443234	31.190571	54668695	2	865	116
58450231	乐凯撒·榴莲比萨(金桥国际店)	张扬路3611号金桥国际商业广场7座1层111-112号	121.578759	31.256203	58777705	5	2869	116
3306442	必胜客(林荫店)	佘山镇林湖路888弄阳光港8号	121.218629	31.094888	67657009	5937	5942	116
67455358	Opus Cafe & Restaurant	樱花路80弄16号富荟广场一楼	121.544857	31.203869	50333517	5	803	116
76295645	彼得家厨房(尚嘉店)	仙霞路99号尚嘉中心B2-A-011b	121.407094	31.205815		4	839	116
90897221	瑞花园 Rey Garden	南京西路698号7楼	121.46502	31.23163	62182900	3	811	116
18338823	24K法国海鲜Bar	中山南二路699号正大乐城7-301室	121.457519	31.185266	60126936	2	871	116
23448732	意进缘意大利餐厅PIZZA VERA	中山东二路531号十六铺码头地下广场B115C	121.498372	31.227518	18964018189	6	859	116
91383129	N9 Cafe(四川北路店)	四川北路1318号盛邦国际大厦108室	121.484707	31.251452	55158799	9	822	116
69256586	萨莉亚(七宝宝龙店)	漕宝路3299号七宝宝龙城市广场B1层	121.355185	31.157099	54780652	12	848	116
3009544	圣富法式铁板烧	四平路1805号天益宾馆16楼	121.50962	31.28923	55663799	10	854	116
24619699	room 127 cafe&bar濡沫咖啡	物华路204-206号，	121.493344	31.261479	13472603363	9	824	116
77446549	橄榄西餐厅	福州路19號近中山東一路	121.490359672	31.2356507682	63212336	6	859	116
67062534	必胜客(大华朗香店)	华秋路19号大华朗香嘉年华一层	121.381062	31.319598	56020109	13	2527	116
92646999	犀厨	瞿溪路1026号汇暻生活广场B1层	121.477201	31.199137	13052308008	1	838	116
66971693	云朵酒吧(多元素餐厅)	大学路312号201室	121.507374	31.303041	13162652391	10	854	116
69263136	新华联索菲特大堂酒廊乐吧	泰虹路666号虹桥索菲特酒店1层	121.306334	31.200502	36696666	12	22952	116
66024055	瓜牛(新天地店)	重庆南路30弄	121.471432	31.220238	61126660	1	836	116
14883651	DD牛排屋	东方路406号	121.522813	31.2337	13564589492	5	802	116
24708153	Julie's Coffe乔莉咖啡	和静路1057号	121.162494	31.301166	18021295476	5938	5945	116
92615890	Garden Salad轻食餐厅	军工路100号悦享源21B座	121.55821	31.281709	15821612338	10	None	116
22445243	Salad Express 沙拉主义(正大广场店)	陆家嘴西路168号正大广场B2—17	121.499811	31.237209	17749751517	5	801	116
68201768	Charlie's Burger(静安嘉里中心店)	南京西路1515号静安嘉里中心南区B1层	121.45036	31.224329	62187887	3	811	116
13715753	PIER39(静安嘉里中心店)	南京西路1515号静安嘉里中心东区1层	121.45024	31.22423	62265138	3	812	116
76952651	seul&SEUL(兴业太古汇店)	南京西路789号兴业太古汇3层N301	121.463307	31.228825	52999889	3	811	116
90497593	摩天轮餐厅	沪闵路7970号	121.407966	31.138422	64205737	12	850	116
70445375	SVEA 现代北欧餐厅(瑞虹月亮湾店)	瑞虹路188号瑞虹天地月亮湾L1-21b	121.499332	31.264693	55898817	9	824	116
69664731	WIN HOUSE(月星环球港店)	中山北路3300号L1023-L1026	121.4125	31.231744	32206879	7	9177	116
53874382	Alan Wong’s Shanghai	南京西路1376号上海商城2层	121.45203	31.226539	62890618	3	811	116
67849927	Odelice!欧膳(永新坊店)	天钥桥路133号永新坊1层13-15号店	121.44222	31.191926	33686862	2	865	116
66647473	彼得家厨房(美罗城店)	肇嘉浜路1111号美罗城2楼	121.43938	31.19301	64181697	2	865	116
22240542	LE VERRE à vin	长乐路1221号	121.44207	31.21488	54034278	3	812	116
83535159	IL BAMBINO班比诺意大利餐厅	外马路458弄7号3楼	121.506528	31.218135	63149300	6	859	116
67976616	Chateau Dionne红酒西餐厅(建国西路店)	建国西路486弄建业里	121.451405	31.203169	64338806	2	865	116
22679794	Atto Primo	外滩5号广东路20号2楼	121.49099	31.23429	63280271	6	859	116
5995444	Azul Tapas & Lounge(武康路店)	武康路378号8楼	121.439113	31.206617	54052252	2	868	116
4228627	王品牛排(仙乐斯店)	南京西路388号仙乐斯广场3楼	121.469039	31.231421	53020581	3	811	116
91002765	酒池星座 Bar Constellation(兴业太古汇店)	石门一路288号兴业太古汇香港兴业中心1座1层L161	121.463264	31.227614	57579959	3	811	116
77348511	holyhigh轻食(人民广场店)	北京西路61号甲	121.472285	31.236909	63335853	6	860	116
23016135	MARU玛露音乐餐厅酒吧(创智天地店)	淞沪路303号创智天地1层	121.512418	31.304307	65572002	10	854	116
8981853	Jstone.Grill&Lounge杰意大利扒房及酒廊(杰意大利扒房及酒廊)	东方路778号紫金山大酒店2楼	121.523277	31.227867	58959163	5	802	116
20877970	husk restaurant	奉贤路218号	121.457485	31.230115	62459137	3	811	116
22701693	BOOM BOOM BAGELS	安福路39号	121.44741	31.21484	15021408818	2	868	116
79437810	Once	愚园路1391-1号	121.422828	31.218736	15201718389	4	None	116
2713810	Maya玛雅墨西哥餐厅(四方新城店)	巨鹿路568弄四方新城俱乐部2楼	121.455721	31.222213	62896889	3	812	116
23086186	百特喜鹅肝比萨意大利餐厅(日月光中心广场店)	徐家汇路618号日月光中心广场徐家汇区2层	121.468364	31.206115	62886897	1	838	116
73553342	esee LOUNGE & BAR	淮海中路93-99号大上海时代广场3层	121.478359	31.224426	61169687	1	835	116
93335441	海豚波奇饭	大学路33号二楼202室	121.511657	31.304594	13636581578	10	854	116
22076475	Little Catch	乌鲁木齐中路247-6号	121.44622	31.21223	64056630	2	868	116
4179666	Acqua Pazza	建国中路6号	121.471452	31.210678	34610907	1	838	116
74628329	WIN HOUSE(龙湖天街店)	申长路869号龙湖虹桥天街A馆1层28a	121.312823	31.192046	52630125	12	70507	116
2297992	Las Tapas(金桥店)	金桥红枫路259号	121.591269	31.24288	33821686	5	806	116
51846558	calando卡兰多餐厅(大学路店)	大学路170号201室	121.509804	31.304006	18621335177	10	854	116
66026559	泰安门 Taian Table	镇宁路465弄161号1号楼101室	121.433682	31.222539		3	812	116
13932333	Odelice!欧膳(新乐路店)	新乐路208号	121.452775	31.217014	34615657	2	870	116
73431311	Dr.Beer(徐家汇店)	辛耕路117号	121.443124	31.192593	54661858	2	865	116
66656059	Madison Kitchen	淮海中路1414号左门	121.448075	31.210955	64040025	2	870	116
19296119	ALBALUZ	天平路320弄20号	121.439253	31.196241	54652587	2	865	116
15876404	PizzaMarzano玛尚诺(宏伊国际广场店)	南京东路299号宏伊国际广场2层S-211	121.48444	31.23676	63391327	6	861	116
33081600	西堤厚牛排(上海紫荆广场)	控江路1628号L603单元	121.517086	31.275112	35080770	10	8445	116
73609085	Wonderland	新闸路1311号	121.45151	31.231859		3	811	116
92540075	无极熊精酿啤酒餐厅(顾村龙湖天街店)	陆翔路1018弄龙湖北城天街4号楼104号	121.36215	31.360467	17321253642	13	8442	116
67681229	Shake	茂名南路46号3楼	121.460212	31.221794	62307175	1	835	116
75637828	味摩牛排(上海广场店)	淮海中路138号上海广场1层	121.47821	31.2252	63128967	1	835	116
4232719	Little Huia(大沽路店)	大沽路403号	121.46663	31.225424	53750600	3	811	116
79421803	El Santo Tacos&Tequila(158坊店)	巨鹿路158号158坊B1层	121.46636	31.223124	63332181	1	835	116
43558243	乐凯撒·榴莲比萨(合生汇店)	黄兴路2228号合生汇B2楼	121.517251	31.299806	65129803	10	854	116
66168537	DENO 298德国啤酒音乐餐厅	浦晓路298弄68号晶采坊4楼	121.501638	31.099888	34799298	12	8928	116
81888019	ruzzi如滋	五角场镇营口路851号1层	121.531639	31.301535	61491012	10	857	116
18265803	瓜牛(1088广场店)	浦东南路1088号1088广场1层	121.51522	31.228317	13167085869	5	802	116
19146292	Fumo wine bistro	新乐路218号3楼	121.452559	31.216985	54356317	2	868	116
18621029	必胜客(徐泾家乐福店)	沪青平公路1817号	121.283021	31.168219	59765879	5939	30340	116
21553425	Anteroom	长乐路1222号104	121.442234	31.215271	58586689	3	812	116
2269804	必胜客(嘉定顶峰店)	城中路162号罗宾森广场一楼	121.245423	31.384804	59532933	5938	22989	116
57961769	Pizza Npls 那不乐思比萨(虹井店)	吴中路1686号顶新商务广场1楼	121.370706	31.173864	52275127	12	2528	116
77353076	Mr.Pizza米斯特比萨(浦东成山路店)	成山路1109/1111/1133号家乐福1f	121.524231	31.159953	58581989	5	None	116
79233655	Casa Bizzar	政民路411号	121.505318	31.301592	64282628	10	854	116
57714281	必胜客(宝山宝龙广场店)	杨南路2211号宝山宝龙广场1层	121.358825	31.38835	66877013	13	8443	116
21922183	比奇雅(滴水湖店)	南汇新城山兰路步行街466号	121.92499	30.896093	38223807	5	24020	116
24112957	棒约翰比萨(五角场万达店)	政通路189号特力时尚汇2楼	121.51289	31.30228	4008887272	10	854	116
92451871	33AD ATTOS	瑞平路99号105-1	121.457784	31.182203	64229975	2	None	116
76943996	P for Pizza	吴江路169号四季坊146商铺	121.45989	31.229279	32205855	3	811	116
22370274	Max&Salad大开沙界(创智天地店)	淞沪路234号创智天地B1层	121.512758	31.30654	61071536	10	854	116
565981	棒约翰比萨(莘松店)	莘松路855号乐购莘松店内	121.36398	31.09941	4008887272	12	849	116
57253046	Mr.Pizza米斯特比萨(松江广富林路店)	松江区广富林路668号万达广场3F	121.244142	31.057923	33558310	5937	26146	116
67963481	Yummie吖蜜轻食屋	昌邑路527-1号	121.52003	31.24188	58851277	5	801	116
15948634	THE BREWER瘾(田子坊店)	瑞金二路225弄4号	121.466916	31.208046	64180275	1	838	116
93064314	eli falafel	乌鲁木齐中路294号	121.446147	31.21177	54017778	2	868	116
67019209	Lucky&Joy幸运心花园	陕西南路181号5A	121.460731	31.213694	61555588	1	835	116
90338730	Mr.Pizza米斯特比萨(浦东妙境路店)	川沙新镇妙境路1118号川沙家乐福1楼	121.693390129	31.1805787415		5	810	116
67283099	瓜牛(中山公园店)	武夷路779号	121.413732	31.212729	61126660	4	842	116
76859790	Gusto Giusto	虹桥路1665号星空广场外独立别墅C10号	121.392240519	31.2009290709	62086388	4	839	116
1901638	必胜客(青浦百联店)	上海市公园路666弄1-3号	121.113025	31.148288	69710398	5939	22993	116
91980075	1919 One nine one night	淞兴西路258号2号楼半岛1919内	121.487736	31.367477	66781919	13	None	116
18982841	Crazy Oyster House	五原路88-A号	121.4474648	31.21316721	64161603	2	868	116
72334445	Devil Tomato魔茄(番禺路店)	番禺路381号7号楼108室	121.429947	31.204399	13472787948	4	None	116
4599475	Brownstone Tapas & Lounge布朗石西班牙餐厅酒吧(永嘉庭店)	永嘉路570号永嘉庭311单元	121.451254	31.206087	60737740	2	867	116
4523627	Charlie's Burger	常熟路89号	121.447936	31.216712	54038513	3	812	116
22344022	斯比特花园·意大利餐厅(新世界大丸百货店)	南京东路228号新世界大丸百货6层	121.485496	31.237567	33307008	6	861	116
90967143	VANILLA(洛克外滩源店)	北京东路130号虎丘路路口中实大楼1层	121.487529	31.24089	63391579	6	859	116
69208935	CrazyOnes西班牙海鲜饭(日月光店)	徐家汇路618号日月光中心广场徐家汇区2层12号	121.469346	31.205958	33561689	1	838	116
21679210	KIWIANA奇异安娜新西兰主题餐厅(世博源店)	上南路168号世博源2区B层15室	121.49239	31.18542	31583759	5	67275	116
67500465	KIWIANA奇异安娜新西兰主题餐厅(龙之梦购物中心虹口店)	西江湾路388号龙之梦购物中心A座5层	121.478203	31.270725	66283596	9	821	116
92614673	luckid亲子餐厅	虹井路225号先锋大厦4楼-C区	121.370339949	31.1760404699	34315360	12	2528	116
23218537	Johnny Moo(晶品店)	愚园路68号晶品4层	121.446397	31.225433	62989887	3	812	116
8866928	Las Tapas(思南公馆店)	思南路45号32幢1-2楼	121.467875	31.214922	64260660	1	835	116
58203180	grinder（绞肉机）burger	武定路1097号	121.441918	31.229694	15102139241	3	812	116
10343688	王品牛排(上海五角场店)	淞沪路8号百联又一城7F	121.51575	31.30141	65337378	10	854	116
67672216	蝶舍·MAISON PAPILLON	胶州路149弄2号-2层	121.443822	31.226729	62598235	3	812	116
68075166	星期末末牛排西餐厅	周浦万达美食街18号	121.568711	31.115078	18301784694	5	5947	116
19477701	食索SALE&PEPE(金虹桥国际中心店)	茅台路179号金虹桥国际中心4层	121.402556	31.208916	62600263	4	840	116
69482454	Ribone steak house弗兰克牛排馆(外滩店)	南京东路98号锦江都城酒店二楼	121.4881	31.23882	53099036	6	859	116
9025811	The Commune Social	江宁路511号	121.4510425	31.23566569	60477638	3	811	116
66890179	VANILLA(仲盛世界商城店)	莘庄都市路5001号仲盛世界商城4层	121.387870237	31.1084590556	52212355	12	849	116
24972421	食索SALE&PEPE(800show)	常德路800号A2-1F	121.44323	31.2334	62175058	3	814	116
69531918	wabo哇饱(浦东嘉里城店)	芳甸路1378号浦东嘉里城B1层	121.563303	31.212564	18621726958	5	803	116
5205627	拉亚汉堡经典餐厅(商城路店)	浦东商城路889号B3栋	121.522023	31.232051	60756266	5	802	116
66914883	B612亲子馆餐厅(星空广场店)	虹桥路1665号星空广场1层	121.39231	31.200874	62778612	4	839	116
69743121	WOLFMAMA狼妈妈手工披萨	黄金城道781-1号	121.397122	31.194835	61140499	4	839	116
32713184	RIVIERA SHANGHAI 意式和食	中山东二路505号RIVIERA松鹤楼1楼	121.497309	31.228428	33313777	6	859	116
4684767	浦东嘉里大酒店∙The MEAT扒餐厅	花木路1388号浦东嘉里大酒店2楼	121.563392	31.213074	61698888	5	803	116
6054945	Scarpetta	蒙自路33号	121.47681	31.20838	33768223	1	838	116
79450382	gemma	东湖路20号	121.454798	31.21611	33565118	2	870	116
65721417	摩食 MO'S	岳阳路1号戊	121.452204	31.209004	54356018	2	867	116
27490186	拉亚汉堡经典餐厅(金虹桥国际中心店)	茅台路179号金虹桥国际中心1层	121.402556	31.208916	62310922	4	840	116
9027604	Tock's	河南中路221号	121.48574	31.23415	63463735	6	861	116
92024251	Zeitgeist塞德斯德国餐厅	海防路537号	121.443637	31.236848	32205986	3	814	116
54170171	Green&Tasty绿塔沙拉(大悦城店)	西藏北路166号大悦城北区1层	121.47228	31.242303	13818558359	8	12026	116
58288115	CHICKEN&EGG葡式霹雳烤鸡	长乐路街道富民路291号悟锦世纪大楼	121.452258	31.217579	61212606	3	812	116
6264064	Mr.Pizza米斯特比萨(福州路店)	黄浦区福州路666号华鑫海欣大厦1F	121.478009	31.232151	63336223	6	860	116
21756295	Tajine Moroccan塔金摩洛哥中东餐厅	延安东路7号外滩	121.49116	31.23289	63309801	6	859	116
73561939	PizzaMarzano玛尚诺(瑞虹天地店)	瑞虹路188号1层121A单元	121.498411	31.263917	65380987	9	824	116
82878164	PRIMO1(无限极荟购物广场店)	湖滨路168号无限极荟购物广场3层	121.47775	31.220519	63150127	1	836	116
21213567	La Bambina	巨鹿路907号	121.44797	31.21815	64452137	2	868	116
8855259	Bella Napoli(南汇路店)	南汇路73号	121.45669	31.23007	52890806	3	811	116
23644446	PizzaMarzano玛尚诺(南丰城店)	遵义路100号虹桥南丰城南北区之间丰尚街P07	121.4073	31.20695	62486157	4	839	116
18187379	Phipps Steakhouse 菲普仕纽约扒房	中山南路505号老码头11号楼1楼	121.5053036	31.2188835	61526543	6	859	116
52348739	Chez Maurice Bistro	泰安路50号2层	121.436999	31.205794	62299668	4	843	116
67566996	PizzaMarzano玛尚诺(环球金融中心店)	世纪大道100号上海环球金融中心2楼210	121.507677	31.234332	68822556	5	801	116
67071161	澳犅和牛原味牛排主题餐厅	张杨路与中环路交口久金广场2层	121.581182	31.255575	13918191367	5	806	116
69962829	Country Chalet 嗄蕾餐厅(徐汇正大乐城店)	龙华中路598号近船厂路正大乐城6号楼一层6-102-1商户	121.45858	31.186328	60913116	2	871	116
69722527	SHEWN BUND 22	中山东二路22号5楼	121.494031	31.23073	53865667	6	859	116
27163071	柯里昂捷克自酿啤酒餐厅Krajanek Czech Beer Brewery	龙腾大道2879号3011	121.461316	31.173975	33563578	2	871	116
15879686	西堤厚牛排(上海凯德七宝店)	七莘路3655号1楼73号	121.340859	31.164211	62210352	12	848	116
5113348	Settebello	安福路193号	121.4440297	31.21394442	33562587	2	868	116
21561448	德格里THE GILI Tomahawk(大沽路店)	大沽路407号	121.46654	31.22542	63308987	1	835	116
6365280	CAPO At Rockbund	北京东路99号益丰外滩源5楼	121.488848	31.240393	53088332	6	859	116
91620087	CRAFTED By bistro burger	衡山路199号101	121.447029811	31.2050292166	54270757	2	867	116
92196929	Anne's kitchen	百兴路64号	121.486878	30.914486	18621918523	8846	None	116
75165277	亚洲巴哈餐厅 Asia Baja Cafe(龙湖虹桥天街店)	申长路869号虹桥天街购物中心A馆101A商铺	121.313252	31.192987	52965101	12	70507	116
57864916	Chillax蓝枫日晒餐厅	蓝天路1198号	121.58767	31.2445	15800804651	5	2868	116
72340049	轻厨房 Light Kitchen 轻食沙拉	天山路1111号虹桥天都B1-39	121.407452	31.210337	17321216368	4	840	116
1901542	必胜客(天山店)	天山路789-889号百盛优客城市广场西楼1层	121.402588	31.210868	62742916	4	840	116
20666003	SOFIA(静安店)	北京西路1124号一楼	121.453548	31.229776	62661016	3	811	116
69684334	遇见Le Rouge	莘松路1266号亚繁亚乐城西区4层	121.350124	31.097337	57770233	5937	11374	116
69284334	Sweet Talker西餐厅(静安店)	大沽路380号	121.46625	31.22557	15801809394	3	811	116
65580404	乐凯撒·榴莲比萨(大宁国际店)	商场西路大宁国际喜来登酒店对面	121.452516	31.273859	66270997	8	828	116
18621028	必胜客(周浦万达店)	沪南路3449弄2号一层203-1号	121.568175	31.114815	20903756	5	5947	116
38103632	必胜客(顾村正大店)	上海市陆翔路111弄正大乐城商铺	121.372151	31.344878	36500262	13	8442	116
4192057	Shanghai Brewery(虹梅路店)	虹梅路3338弄虹梅路休闲街21C	121.388153	31.191271	64065919	12	847	116
23216954	西郊壹号Terrace露台	虹桥路1950号	121.385679	31.197147	62300207	4	839	116
67340083	棒约翰比萨(大融城店)	宝安公路3386号	121.279694	31.329891	59172722	5938	22991	116
17959511	Fat Cow	虹梅路3338弄7号	121.3858644	31.19115143	34221700	12	847	116
6033822	Ellen’s西餐酒吧(怒江路店)	怒江路366号2楼	121.399149	31.232751	18622257618	7	816	116
69621283	Turnbull Cuisine顶比牛排	平凉路1399号滨江百联B1	121.537766	31.264988	61310539	10	858	116
6664977	VIS-A-VIS	复兴西路299弄1号1楼	121.4383395	31.21078884	64339437	2	868	116
83529088	BASE MU贝瑟慕餐厅	莲花南路3999号3号109室	121.445192	31.038099	15601684179	12	None	116
75142740	乐凯撒·榴莲比萨(189弄购物中心店)	长寿路189弄189弄购物中心1层	121.440698	31.242066	60831050	7	815	116
6233452	开巴(静安店)	武定路479号	121.451093	31.233941	62889676	3	814	116
75016220	披萨大师(七宝万科店)	七宝万科广场5层高线花园市集内19-20号	121.349507	31.154657	13524848683	12	None	116
